Time,UTC TIME,anum,fnum,height,speed,angle,longitude,latitude
1605319463,2020-11-14 02:04:23,B1428,CCA1803,99.06,298.172,354,40.08762,116.59483999999999
1605319467,2020-11-14 02:04:27,B1428,CCA1803,152.4,312.988,352,40.08762,116.59483999999999
1605319471,2020-11-14 02:04:31,B1428,CCA1803,213.36,312.988,352,40.08762,116.59483999999999
1605319476,2020-11-14 02:04:36,B1428,CCA1803,274.32,312.988,352,40.08762,116.59483999999999
1605319493,2020-11-14 02:04:53,B1428,CCA1803,480.06,324.1,352,40.11104,116.58997
1605319497,2020-11-14 02:04:57,B1428,CCA1803,525.78,324.1,352,40.11104,116.58997
1605319502,2020-11-14 02:05:02,B1428,CCA1803,594.36,324.1,352,40.11104,116.58997
1605319508,2020-11-14 02:05:08,B1428,CCA1803,655.32,325.952,353,40.11104,116.58997
1605319512,2020-11-14 02:05:12,B1428,CCA1803,708.66,325.952,353,40.11104,116.58997
1605319520,2020-11-14 02:05:20,B1428,CCA1803,800.1,325.952,353,40.11104,116.58997
1605319523,2020-11-14 02:05:23,B1428,CCA1803,830.58,325.952,353,40.11104,116.58997
1605319534,2020-11-14 02:05:34,B1428,CCA1803,929.64,337.064,353,40.13905,116.58502
1605319539,2020-11-14 02:05:39,B1428,CCA1803,944.88,337.064,353,40.13905,116.58502
1605319546,2020-11-14 02:05:46,B1428,CCA1803,975.36,385.216,352,40.13905,116.58502
1605319554,2020-11-14 02:05:54,B1428,CCA1803,1005.84,414.848,352,40.13905,116.58502
1605319560,2020-11-14 02:06:00,B1428,CCA1803,1028.7,414.848,352,40.13905,116.58502
1605319565,2020-11-14 02:06:05,B1428,CCA1803,1059.18,444.48,352,40.13905,116.58502
1605319574,2020-11-14 02:06:14,B1428,CCA1803,1143.0,444.48,352,40.1831,116.5768
1605319580,2020-11-14 02:06:20,B1428,CCA1803,1188.72,466.704,353,40.1831,116.5768
1605319586,2020-11-14 02:06:26,B1428,CCA1803,1219.2,466.704,353,40.1831,116.5768
1605319591,2020-11-14 02:06:31,B1428,CCA1803,1264.92,503.744,352,40.20593,116.57263
1605319597,2020-11-14 02:06:37,B1428,CCA1803,1348.74,503.744,352,40.20593,116.57263
1605319601,2020-11-14 02:06:41,B1428,CCA1803,1356.36,516.7080000000001,352,40.20593,116.57263
1605319605,2020-11-14 02:06:45,B1428,CCA1803,1356.36,518.56,353,40.20593,116.57263
1605319612,2020-11-14 02:06:52,B1428,CCA1803,1592.58,518.56,353,40.20593,116.57263
1605319619,2020-11-14 02:06:59,B1428,CCA1803,1676.4,516.7080000000001,353,40.240629999999996,116.56641
1605319637,2020-11-14 02:07:17,B1428,CCA1803,1965.96,507.44800000000004,336,40.25023,116.56443999999999
1605319649,2020-11-14 02:07:29,B1428,CCA1803,2110.74,505.596,331,40.2691,116.55469
1605319652,2020-11-14 02:07:32,B1428,CCA1803,2156.46,505.596,331,40.2691,116.55469
1605319664,2020-11-14 02:07:44,B1428,CCA1803,2232.66,513.004,292,40.2859,116.52362
1605319668,2020-11-14 02:07:48,B1428,CCA1803,2247.9,513.004,292,40.2859,116.52362
1605319675,2020-11-14 02:07:55,B1428,CCA1803,2263.14,513.004,292,40.2859,116.52362
1605319679,2020-11-14 02:07:59,B1428,CCA1803,2278.38,513.004,292,40.2859,116.52362
1605319692,2020-11-14 02:08:12,B1428,CCA1803,2377.44,525.9680000000001,264,40.287890000000004,116.48353999999999
1605319703,2020-11-14 02:08:23,B1428,CCA1803,2476.5,537.08,264,40.287890000000004,116.48353999999999
1605319709,2020-11-14 02:08:29,B1428,CCA1803,2545.08,537.08,264,40.287890000000004,116.48353999999999
1605319717,2020-11-14 02:08:37,B1428,CCA1803,2636.52,561.156,263,40.287890000000004,116.48353999999999
1605319723,2020-11-14 02:08:43,B1428,CCA1803,2796.54,566.712,263,40.28268,116.42437
1605319729,2020-11-14 02:08:49,B1428,CCA1803,2887.98,566.712,263,40.28268,116.42437
1605319743,2020-11-14 02:09:03,B1428,CCA1803,3025.14,609.308,263,40.27877,116.38498
1605319764,2020-11-14 02:09:24,B1428,CCA1803,3383.28,622.2719999999999,263,40.27574,116.35608
1605319769,2020-11-14 02:09:29,B1428,CCA1803,3467.1,622.2719999999999,263,40.27574,116.35608
1605319780,2020-11-14 02:09:40,B1428,CCA1803,3543.3,622.2719999999999,263,40.27127,116.31093999999999
1605319784,2020-11-14 02:09:44,B1428,CCA1803,3543.3,655.6080000000001,263,40.27127,116.31093999999999
1605319796,2020-11-14 02:09:56,B1428,CCA1803,3893.82,655.6080000000001,263,40.26964,116.29397
1605319798,2020-11-14 02:09:58,B1428,CCA1803,3924.3,655.6080000000001,263,40.26964,116.29397
1605319806,2020-11-14 02:10:06,B1428,CCA1803,4137.66,663.0160000000001,263,40.26964,116.29397
1605319809,2020-11-14 02:10:09,B1428,CCA1803,4137.66,663.0160000000001,263,40.26964,116.29397
1605319815,2020-11-14 02:10:15,B1428,CCA1803,4198.62,664.868,262,40.26964,116.29397
1605319818,2020-11-14 02:10:18,B1428,CCA1803,4335.78,664.868,262,40.26964,116.29397
1605319824,2020-11-14 02:10:24,B1428,CCA1803,4373.88,664.868,262,40.26169,116.21203999999999
1605319831,2020-11-14 02:10:31,B1428,CCA1803,4693.92,664.868,262,40.26169,116.21203999999999
1605319836,2020-11-14 02:10:36,B1428,CCA1803,4739.64,664.868,262,40.26169,116.21203999999999
1605319840,2020-11-14 02:10:40,B1428,CCA1803,4777.74,664.868,262,40.26169,116.21203999999999
1605319852,2020-11-14 02:10:52,B1428,CCA1803,5151.12,664.868,262,40.25665,116.16333
1605319856,2020-11-14 02:10:56,B1428,CCA1803,5311.14,664.868,262,40.25665,116.16333
1605319871,2020-11-14 02:11:11,B1428,CCA1803,5593.08,637.0880000000001,263,40.253440000000005,116.12992
1605319886,2020-11-14 02:11:26,B1428,CCA1803,5791.2,640.7919999999999,263,40.24841,116.08203999999999
1605319900,2020-11-14 02:11:40,B1428,CCA1803,5928.36,661.164,256,40.24503,116.06335
1605319915,2020-11-14 02:11:55,B1428,CCA1803,5996.94,679.684,246,40.23495,116.03081999999999
1605319926,2020-11-14 02:12:06,B1428,CCA1803,6004.56,688.944,232,40.22067,116.00395
1605319929,2020-11-14 02:12:09,B1428,CCA1803,6004.56,688.944,227,40.22067,116.00395
1605319935,2020-11-14 02:12:15,B1428,CCA1803,6012.18,688.944,227,40.22067,116.00395
1605319942,2020-11-14 02:12:22,B1428,CCA1803,6012.18,683.388,224,40.22067,116.00395
1605319957,2020-11-14 02:12:37,B1428,CCA1803,6004.56,681.5360000000001,224,40.183690000000006,115.95721
1605319967,2020-11-14 02:12:47,B1428,CCA1803,6004.56,679.684,223,40.183690000000006,115.95721
1605319973,2020-11-14 02:12:53,B1428,CCA1803,6004.56,679.684,223,40.183690000000006,115.95721
1605319976,2020-11-14 02:12:56,B1428,CCA1803,6004.56,681.5360000000001,223,40.183690000000006,115.95721
1605319984,2020-11-14 02:13:04,B1428,CCA1803,6004.56,681.5360000000001,223,40.183690000000006,115.95721
1605319991,2020-11-14 02:13:11,B1428,CCA1803,6004.56,681.5360000000001,223,40.14578,115.91156000000001
1605319997,2020-11-14 02:13:17,B1428,CCA1803,6004.56,677.832,223,40.14578,115.91156000000001
1605320002,2020-11-14 02:13:22,B1428,CCA1803,6004.56,675.98,223,40.14578,115.91156000000001
1605320009,2020-11-14 02:13:29,B1428,CCA1803,6004.56,674.128,223,40.14578,115.91156000000001
1605320011,2020-11-14 02:13:31,B1428,CCA1803,6004.56,674.128,223,40.14578,115.91156000000001
1605320019,2020-11-14 02:13:39,B1428,CCA1803,6004.56,674.128,223,40.14578,115.91156000000001
1605320028,2020-11-14 02:13:48,B1428,CCA1803,6004.56,674.128,223,40.09391,115.84908
1605320042,2020-11-14 02:14:02,B1428,CCA1803,6004.56,674.128,223,40.07671,115.82831000000002
1605320053,2020-11-14 02:14:13,B1428,CCA1803,6050.28,674.128,223,40.07671,115.82831000000002
1605320064,2020-11-14 02:14:24,B1428,CCA1803,6195.06,679.684,223,40.05231,115.79871000000001
1605320076,2020-11-14 02:14:36,B1428,CCA1803,6393.18,681.5360000000001,223,40.04059,115.78455
1605320087,2020-11-14 02:14:47,B1428,CCA1803,6537.96,692.648,223,40.024029999999996,115.76456
1605320092,2020-11-14 02:14:52,B1428,CCA1803,6583.68,698.204,224,40.024029999999996,115.76456
1605320103,2020-11-14 02:15:03,B1428,CCA1803,6736.08,700.056,224,40.004059999999996,115.74016
1605320118,2020-11-14 02:15:18,B1428,CCA1803,6911.34,709.316,224,40.004059999999996,115.74016
1605320123,2020-11-14 02:15:23,B1428,CCA1803,7002.78,711.168,223,39.97459,115.70432
1605320134,2020-11-14 02:15:34,B1428,CCA1803,7101.84,716.7239999999999,224,39.959,115.68547
1605320146,2020-11-14 02:15:46,B1428,CCA1803,7162.8,716.7239999999999,223,39.950990000000004,115.67573999999999
1605320162,2020-11-14 02:16:02,B1428,CCA1803,7330.44,716.7239999999999,223,39.92962,115.64996000000001
1605320170,2020-11-14 02:16:10,B1428,CCA1803,7437.12,716.7239999999999,223,39.92962,115.64996000000001
1605320173,2020-11-14 02:16:13,B1428,CCA1803,7467.6,716.7239999999999,223,39.92962,115.64996000000001
1605320177,2020-11-14 02:16:17,B1428,CCA1803,7505.7,716.7239999999999,223,39.9044,115.61952
1605320183,2020-11-14 02:16:23,B1428,CCA1803,7597.14,716.7239999999999,223,39.9044,115.61952
1605320188,2020-11-14 02:16:28,B1428,CCA1803,7650.48,735.2439999999999,223,39.9044,115.61952
1605320201,2020-11-14 02:16:41,B1428,CCA1803,7711.44,738.948,223,39.87785,115.58787
1605320224,2020-11-14 02:17:04,B1428,CCA1803,7810.5,738.948,223,39.85207,115.55676000000001
1605320237,2020-11-14 02:17:17,B1428,CCA1803,7802.88,738.948,223,39.82265,115.52123999999999
1605320243,2020-11-14 02:17:23,B1428,CCA1803,7802.88,742.6519999999999,223,39.82265,115.52123999999999
1605320251,2020-11-14 02:17:31,B1428,CCA1803,7802.88,742.6519999999999,223,39.82265,115.52123999999999
1605320256,2020-11-14 02:17:36,B1428,CCA1803,7802.88,740.8,223,39.82265,115.52123999999999
1605320262,2020-11-14 02:17:42,B1428,CCA1803,7802.88,740.8,223,39.82265,115.52123999999999
1605320268,2020-11-14 02:17:48,B1428,CCA1803,7802.88,737.096,225,39.77945,115.46843999999999
1605320279,2020-11-14 02:17:59,B1428,CCA1803,7802.88,733.3919999999999,231,39.76879,115.45258000000001
1605320293,2020-11-14 02:18:13,B1428,CCA1803,7802.88,731.54,238,39.75459,115.42719
1605320305,2020-11-14 02:18:25,B1428,CCA1803,7802.88,731.54,238,39.7416,115.39752
1605320325,2020-11-14 02:18:45,B1428,CCA1803,7802.88,729.688,243,39.733779999999996,115.37799
1605320340,2020-11-14 02:19:00,B1428,CCA1803,7802.88,729.688,243,39.71201,115.32348999999999
1605320351,2020-11-14 02:19:11,B1428,CCA1803,7802.88,731.54,243,39.70541,115.30683
1605320356,2020-11-14 02:19:16,B1428,CCA1803,7802.88,731.54,243,39.70541,115.30683
1605320360,2020-11-14 02:19:20,B1428,CCA1803,7802.88,731.54,243,39.70541,115.30683
1605320381,2020-11-14 02:19:41,B1428,CCA1803,7802.88,729.688,243,39.69272,115.27466000000001
1605320395,2020-11-14 02:19:55,B1428,CCA1803,7802.88,729.688,243,39.671170000000004,115.22031000000001
1605320410,2020-11-14 02:20:10,B1428,CCA1803,7802.88,729.688,243,39.671170000000004,115.22031000000001
1605320426,2020-11-14 02:20:26,B1428,CCA1803,7802.88,729.688,243,39.64224,115.14782
1605320441,2020-11-14 02:20:41,B1428,CCA1803,7802.88,729.688,243,39.62745,115.11066000000001
1605320444,2020-11-14 02:20:44,B1428,CCA1803,7802.88,729.688,243,39.62745,115.11066000000001
1605320448,2020-11-14 02:20:48,B1428,CCA1803,7802.88,727.836,243,39.62745,115.11066000000001
1605320454,2020-11-14 02:20:54,B1428,CCA1803,7802.88,727.836,243,39.62745,115.11066000000001
1605320460,2020-11-14 02:21:00,B1428,CCA1803,7802.88,727.836,243,39.62745,115.11066000000001
1605320464,2020-11-14 02:21:04,B1428,CCA1803,7802.88,725.9839999999999,243,39.62745,115.11066000000001
1605320468,2020-11-14 02:21:08,B1428,CCA1803,7802.88,725.9839999999999,243,39.605709999999995,115.05627
1605320481,2020-11-14 02:21:21,B1428,CCA1803,7802.88,727.836,243,39.605709999999995,115.05627
1605320494,2020-11-14 02:21:34,B1428,CCA1803,7802.88,727.836,243,39.605709999999995,115.05627
1605320510,2020-11-14 02:21:50,B1428,CCA1803,7802.88,727.836,243,39.605709999999995,115.05627
1605320526,2020-11-14 02:22:06,B1428,CCA1803,7802.88,722.28,243,39.56012,114.94285
1605320541,2020-11-14 02:22:21,B1428,CCA1803,7802.88,722.28,243,39.54753,114.91143999999998
1605320560,2020-11-14 02:22:40,B1428,CCA1803,7802.88,722.28,243,39.52997,114.86761000000001
1605320572,2020-11-14 02:22:52,B1428,CCA1803,7802.88,725.9839999999999,243,39.52997,114.86761000000001
1605320575,2020-11-14 02:22:55,B1428,CCA1803,7802.88,725.9839999999999,243,39.52997,114.86761000000001
1605320589,2020-11-14 02:23:09,B1428,CCA1803,7802.88,725.9839999999999,243,39.52997,114.86761000000001
1605320609,2020-11-14 02:23:29,B1428,CCA1803,7802.88,725.9839999999999,243,39.52997,114.86761000000001
1605320631,2020-11-14 02:23:51,B1428,CCA1803,7909.56,725.9839999999999,243,39.48486,114.75573999999999
1605320688,2020-11-14 02:24:48,B1428,CCA1803,8412.48,725.9839999999999,243,39.439609999999995,114.64386
1605320716,2020-11-14 02:25:16,B1428,CCA1803,8412.48,725.9839999999999,243,39.439609999999995,114.64386
1605320740,2020-11-14 02:25:40,B1428,CCA1803,8496.3,725.9839999999999,243,39.439609999999995,114.64386
1605320756,2020-11-14 02:25:56,B1428,CCA1803,8709.66,725.9839999999999,243,39.37262,114.47903000000001
1605320791,2020-11-14 02:26:31,B1428,CCA1803,9006.84,725.9839999999999,243,39.37262,114.47903000000001
1605320837,2020-11-14 02:27:17,B1428,CCA1803,9502.14,725.9839999999999,243,39.37262,114.47903000000001
1605320849,2020-11-14 02:27:29,B1428,CCA1803,9608.82,725.9839999999999,243,39.37262,114.47903000000001
1605320878,2020-11-14 02:27:58,B1428,CCA1803,9776.46,725.9839999999999,243,39.26979,114.2276
1605320884,2020-11-14 02:28:04,B1428,CCA1803,9784.08,725.9839999999999,243,39.23227,114.15942
1605320896,2020-11-14 02:28:16,B1428,CCA1803,9784.08,859.328,217,39.20888,114.13696000000002
1605320901,2020-11-14 02:28:21,B1428,CCA1803,9784.08,863.0319999999999,208,39.20888,114.13696000000002
1605320914,2020-11-14 02:28:34,B1428,CCA1803,9784.08,868.5880000000001,204,39.18127,114.1206
1605320929,2020-11-14 02:28:49,B1428,CCA1803,9784.08,868.5880000000001,204,39.18127,114.1206
1605320944,2020-11-14 02:29:04,B1428,CCA1803,9784.08,868.5880000000001,204,39.12278,114.09899999999999
1605320958,2020-11-14 02:29:18,B1428,CCA1803,9784.08,875.9960000000001,196,39.12278,114.09899999999999
1605320966,2020-11-14 02:29:26,B1428,CCA1803,9784.08,877.8480000000001,196,39.05984,114.07672
1605320973,2020-11-14 02:29:33,B1428,CCA1803,9784.08,877.8480000000001,196,39.05984,114.07672
1605320985,2020-11-14 02:29:45,B1428,CCA1803,9784.08,877.8480000000001,196,39.03037,114.06641
1605321000,2020-11-14 02:30:00,B1428,CCA1803,9784.08,879.7,196,39.00334,114.05695
1605321004,2020-11-14 02:30:04,B1428,CCA1803,9784.08,879.7,196,39.00334,114.05695
1605321009,2020-11-14 02:30:09,B1428,CCA1803,9784.08,879.7,196,39.00334,114.05695
1605321016,2020-11-14 02:30:16,B1428,CCA1803,9784.08,879.7,196,39.00334,114.05695
1605321018,2020-11-14 02:30:18,B1428,CCA1803,9784.08,879.7,196,39.00334,114.05695
1605321032,2020-11-14 02:30:32,B1428,CCA1803,9784.08,881.552,196,39.00334,114.05695
1605321035,2020-11-14 02:30:35,B1428,CCA1803,9784.08,879.7,196,39.00334,114.05695
1605321039,2020-11-14 02:30:39,B1428,CCA1803,9784.08,879.7,196,39.00334,114.05695
1605321043,2020-11-14 02:30:43,B1428,CCA1803,9784.08,879.7,196,39.00334,114.05695
1605321050,2020-11-14 02:30:50,B1428,CCA1803,9784.08,879.7,196,39.00334,114.05695
1605321056,2020-11-14 02:30:56,B1428,CCA1803,9784.08,879.7,196,39.00334,114.05695
1605321062,2020-11-14 02:31:02,B1428,CCA1803,9784.08,881.552,196,39.00334,114.05695
1605321066,2020-11-14 02:31:06,B1428,CCA1803,9784.08,881.552,196,39.00334,114.05695
1605321080,2020-11-14 02:31:20,B1428,CCA1803,9784.08,877.8480000000001,196,38.83113,113.99593
1605321086,2020-11-14 02:31:26,B1428,CCA1803,9784.08,872.2919999999999,196,38.83113,113.99593
1605321090,2020-11-14 02:31:30,B1428,CCA1803,9784.08,872.2919999999999,196,38.80042,113.98512
1605321106,2020-11-14 02:31:46,B1428,CCA1803,9784.08,872.2919999999999,196,38.78604,113.98005
1605321120,2020-11-14 02:32:00,B1428,CCA1803,9784.08,846.3639999999999,196,38.73253,113.96118
1605321131,2020-11-14 02:32:11,B1428,CCA1803,9784.08,846.3639999999999,196,38.73253,113.96118
1605321133,2020-11-14 02:32:13,B1428,CCA1803,9784.08,846.3639999999999,196,38.71345,113.95447
1605321146,2020-11-14 02:32:26,B1428,CCA1803,9784.08,838.956,196,38.69151,113.94667
1605321160,2020-11-14 02:32:40,B1428,CCA1803,9784.08,838.956,196,38.67897,113.94219
1605321177,2020-11-14 02:32:57,B1428,CCA1803,9784.08,837.1039999999999,196,38.67897,113.94219
1605321191,2020-11-14 02:33:11,B1428,CCA1803,9784.08,837.1039999999999,196,38.67897,113.94219
1605321202,2020-11-14 02:33:22,B1428,CCA1803,9784.08,835.252,196,38.59599,113.9129
1605321216,2020-11-14 02:33:36,B1428,CCA1803,9784.08,835.252,196,38.59599,113.9129
1605321231,2020-11-14 02:33:51,B1428,CCA1803,9784.08,835.252,196,38.52053,113.88641000000001
1605321248,2020-11-14 02:34:08,B1428,CCA1803,9784.08,833.4,196,38.49214,113.87646000000001
1605321261,2020-11-14 02:34:21,B1428,CCA1803,9784.08,835.252,196,38.450590000000005,113.86188999999999
1605321271,2020-11-14 02:34:31,B1428,CCA1803,9784.08,835.252,196,38.450590000000005,113.86188999999999
1605321278,2020-11-14 02:34:38,B1428,CCA1803,9784.08,835.252,196,38.450590000000005,113.86188999999999
1605321282,2020-11-14 02:34:42,B1428,CCA1803,9784.08,835.252,196,38.450590000000005,113.86188999999999
1605321287,2020-11-14 02:34:47,B1428,CCA1803,9784.08,837.1039999999999,196,38.40811,113.84705
1605321298,2020-11-14 02:34:58,B1428,CCA1803,9784.08,835.252,196,38.40811,113.84705
1605321305,2020-11-14 02:35:05,B1428,CCA1803,9784.08,835.252,196,38.36826,113.83323
1605321313,2020-11-14 02:35:13,B1428,CCA1803,9784.08,835.252,196,38.36826,113.83323
1605321324,2020-11-14 02:35:24,B1428,CCA1803,9784.08,835.252,196,38.32273,113.8174
1605321339,2020-11-14 02:35:39,B1428,CCA1803,9784.08,833.4,196,38.30765,113.81221000000001
1605321346,2020-11-14 02:35:46,B1428,CCA1803,9784.08,833.4,196,38.30765,113.81221000000001
1605321354,2020-11-14 02:35:54,B1428,CCA1803,9784.08,833.4,196,38.30765,113.81221000000001
1605321361,2020-11-14 02:36:01,B1428,CCA1803,9784.08,833.4,196,38.25586,113.79417
1605321375,2020-11-14 02:36:15,B1428,CCA1803,9784.08,833.4,196,38.25586,113.79417
1605321388,2020-11-14 02:36:28,B1428,CCA1803,9784.08,833.4,196,38.25586,113.79417
1605321405,2020-11-14 02:36:45,B1428,CCA1803,9784.08,833.4,196,38.16032,113.76097
1605321409,2020-11-14 02:36:49,B1428,CCA1803,9784.08,833.4,196,38.16032,113.76097
1605321420,2020-11-14 02:37:00,B1428,CCA1803,9784.08,829.696,196,38.14128,113.75437
1605321435,2020-11-14 02:37:15,B1428,CCA1803,9784.08,829.696,196,38.11043,113.74368
1605321438,2020-11-14 02:37:18,B1428,CCA1803,9784.08,829.696,196,38.11043,113.74368
1605321450,2020-11-14 02:37:30,B1428,CCA1803,9784.08,829.696,196,38.088,113.73596
1605321456,2020-11-14 02:37:36,B1428,CCA1803,9784.08,829.696,196,38.088,113.73596
1605321462,2020-11-14 02:37:42,B1428,CCA1803,9784.08,829.696,196,38.088,113.73596
1605321465,2020-11-14 02:37:45,B1428,CCA1803,9784.08,829.696,196,38.088,113.73596
1605321470,2020-11-14 02:37:50,B1428,CCA1803,9784.08,829.696,196,38.088,113.73596
1605321477,2020-11-14 02:37:57,B1428,CCA1803,9784.08,831.548,196,38.02643,113.71475
1605321491,2020-11-14 02:38:11,B1428,CCA1803,9784.08,831.548,196,38.02643,113.71475
1605321506,2020-11-14 02:38:26,B1428,CCA1803,9784.08,831.548,196,37.96843,113.69481999999999
1605321512,2020-11-14 02:38:32,B1428,CCA1803,9784.08,831.548,196,37.96843,113.69481999999999
1605321514,2020-11-14 02:38:34,B1428,CCA1803,9784.08,831.548,196,37.96843,113.69481999999999
1605321521,2020-11-14 02:38:41,B1428,CCA1803,9784.08,831.548,196,37.96843,113.69481999999999
1605321526,2020-11-14 02:38:46,B1428,CCA1803,9784.08,831.548,196,37.96843,113.69481999999999
1605321531,2020-11-14 02:38:51,B1428,CCA1803,9784.08,831.548,196,37.96843,113.69481999999999
1605321537,2020-11-14 02:38:57,B1428,CCA1803,9784.08,831.548,196,37.96843,113.69481999999999
1605321542,2020-11-14 02:39:02,B1428,CCA1803,9784.08,831.548,196,37.96843,113.69481999999999
1605321546,2020-11-14 02:39:06,B1428,CCA1803,9784.08,831.548,196,37.96843,113.69481999999999
1605321552,2020-11-14 02:39:12,B1428,CCA1803,9784.08,831.548,196,37.96843,113.69481999999999
1605321556,2020-11-14 02:39:16,B1428,CCA1803,9784.08,831.548,196,37.96843,113.69481999999999
1605321561,2020-11-14 02:39:21,B1428,CCA1803,9784.08,831.548,196,37.96843,113.69481999999999
1605321572,2020-11-14 02:39:32,B1428,CCA1803,9784.08,831.548,196,37.82808,113.6469
1605321588,2020-11-14 02:39:48,B1428,CCA1803,9784.08,833.4,196,37.820209999999996,113.64421000000002
1605321593,2020-11-14 02:39:53,B1428,CCA1803,9784.08,833.4,196,37.820209999999996,113.64421000000002
1605321597,2020-11-14 02:39:57,B1428,CCA1803,9784.08,833.4,196,37.820209999999996,113.64421000000002
1605321613,2020-11-14 02:40:13,B1428,CCA1803,9784.08,835.252,196,37.74953,113.6202
1605321629,2020-11-14 02:40:29,B1428,CCA1803,9784.08,835.252,196,37.71332,113.60783
1605321633,2020-11-14 02:40:33,B1428,CCA1803,9784.08,835.252,196,37.71332,113.60783
1605321644,2020-11-14 02:40:44,B1428,CCA1803,9784.08,835.252,196,37.68306,113.5975
1605321646,2020-11-14 02:40:46,B1428,CCA1803,9784.08,835.252,196,37.68306,113.5975
1605321654,2020-11-14 02:40:54,B1428,CCA1803,9784.08,835.252,196,37.68306,113.5975
1605321658,2020-11-14 02:40:58,B1428,CCA1803,9784.08,835.252,196,37.65207,113.587
1605321663,2020-11-14 02:41:03,B1428,CCA1803,9784.08,835.252,196,37.65207,113.587
1605321674,2020-11-14 02:41:14,B1428,CCA1803,9784.08,835.252,196,37.62245,113.57695
1605321678,2020-11-14 02:41:18,B1428,CCA1803,9784.08,835.252,196,37.62245,113.57695
1605321694,2020-11-14 02:41:34,B1428,CCA1803,9784.08,833.4,196,37.598279999999995,113.56871000000001
1605321698,2020-11-14 02:41:38,B1428,CCA1803,9784.08,833.4,196,37.598279999999995,113.56871000000001
1605321702,2020-11-14 02:41:42,B1428,CCA1803,9784.08,833.4,196,37.598279999999995,113.56871000000001
1605321709,2020-11-14 02:41:49,B1428,CCA1803,9784.08,833.4,196,37.55365,113.55351999999999
1605321724,2020-11-14 02:42:04,B1428,CCA1803,9784.08,833.4,196,37.53374,113.54686000000001
1605321727,2020-11-14 02:42:07,B1428,CCA1803,9784.08,833.4,196,37.53374,113.54686000000001
1605321734,2020-11-14 02:42:14,B1428,CCA1803,9784.08,833.4,196,37.53374,113.54686000000001
1605321747,2020-11-14 02:42:27,B1428,CCA1803,9784.08,833.4,196,37.49391,113.53341999999999
1605321757,2020-11-14 02:42:37,B1428,CCA1803,9784.08,833.4,196,37.49391,113.53341999999999
1605321767,2020-11-14 02:42:47,B1428,CCA1803,9784.08,835.252,196,37.49391,113.53341999999999
1605321774,2020-11-14 02:42:54,B1428,CCA1803,9784.08,835.252,196,37.49391,113.53341999999999
1605321778,2020-11-14 02:42:58,B1428,CCA1803,9784.08,835.252,196,37.49391,113.53341999999999
1605321781,2020-11-14 02:43:01,B1428,CCA1803,9784.08,835.252,196,37.49391,113.53341999999999
1605321794,2020-11-14 02:43:14,B1428,CCA1803,9784.08,835.252,196,37.391690000000004,113.49892
1605321805,2020-11-14 02:43:25,B1428,CCA1803,9784.08,835.252,196,37.35803,113.48758000000001
1605321807,2020-11-14 02:43:27,B1428,CCA1803,9784.08,835.252,196,37.35803,113.48758000000001
1605321814,2020-11-14 02:43:34,B1428,CCA1803,9784.08,835.252,196,37.35803,113.48758000000001
1605321817,2020-11-14 02:43:37,B1428,CCA1803,9784.08,835.252,196,37.35803,113.48758000000001
1605321823,2020-11-14 02:43:43,B1428,CCA1803,9784.08,835.252,196,37.35803,113.48758000000001
1605321828,2020-11-14 02:43:48,B1428,CCA1803,9784.08,835.252,196,37.35803,113.48758000000001
1605321840,2020-11-14 02:44:00,B1428,CCA1803,9784.08,835.252,196,37.35803,113.48758000000001
1605321845,2020-11-14 02:44:05,B1428,CCA1803,9784.08,835.252,196,37.35803,113.48758000000001
1605321856,2020-11-14 02:44:16,B1428,CCA1803,9784.08,835.252,196,37.25922,113.45428999999999
1605321860,2020-11-14 02:44:20,B1428,CCA1803,9784.08,835.252,196,37.25922,113.45428999999999
1605321865,2020-11-14 02:44:25,B1428,CCA1803,9784.08,835.252,196,37.25922,113.45428999999999
1605321870,2020-11-14 02:44:30,B1428,CCA1803,9784.08,835.252,196,37.22708,113.44353999999998
1605321875,2020-11-14 02:44:35,B1428,CCA1803,9784.08,835.252,196,37.22708,113.44353999999998
1605321890,2020-11-14 02:44:50,B1428,CCA1803,9784.08,835.252,196,37.19482,113.4327
1605321901,2020-11-14 02:45:01,B1428,CCA1803,9784.08,835.252,196,37.17673,113.42658999999999
1605321906,2020-11-14 02:45:06,B1428,CCA1803,9784.08,835.252,196,37.17673,113.42658999999999
1605321913,2020-11-14 02:45:13,B1428,CCA1803,9784.08,835.252,196,37.17673,113.42658999999999
1605321921,2020-11-14 02:45:21,B1428,CCA1803,9784.08,835.252,196,37.12276,113.40846
1605321935,2020-11-14 02:45:35,B1428,CCA1803,9784.08,838.956,195,37.10455,113.40243000000001
1605321946,2020-11-14 02:45:46,B1428,CCA1803,9784.08,838.956,195,37.10455,113.40243000000001
1605321960,2020-11-14 02:46:00,B1428,CCA1803,9784.08,838.956,195,37.05353,113.38541000000001
1605321971,2020-11-14 02:46:11,B1428,CCA1803,9784.08,837.1039999999999,195,37.02933,113.37738999999999
1605321984,2020-11-14 02:46:24,B1428,CCA1803,9784.08,838.956,196,36.99623,113.36631000000001
1605321996,2020-11-14 02:46:36,B1428,CCA1803,9784.08,838.956,195,36.98438,113.36231000000001
1605322010,2020-11-14 02:46:50,B1428,CCA1803,9784.08,838.956,195,36.96825,113.35693
1605322013,2020-11-14 02:46:53,B1428,CCA1803,9784.08,840.808,195,36.96825,113.35693
1605322021,2020-11-14 02:47:01,B1428,CCA1803,9784.08,840.808,195,36.96825,113.35693
1605322031,2020-11-14 02:47:11,B1428,CCA1803,9784.08,840.808,195,36.90312,113.33532
1605322045,2020-11-14 02:47:25,B1428,CCA1803,9784.08,838.956,195,36.87231,113.32505
1605322060,2020-11-14 02:47:40,B1428,CCA1803,9784.08,840.808,195,36.860409999999995,113.32111
1605322071,2020-11-14 02:47:51,B1428,CCA1803,9784.08,840.808,195,36.860409999999995,113.32111
1605322081,2020-11-14 02:48:01,B1428,CCA1803,9784.08,840.808,195,36.797290000000004,113.30011
1605322087,2020-11-14 02:48:07,B1428,CCA1803,9784.08,838.956,195,36.797290000000004,113.30011
1605322096,2020-11-14 02:48:16,B1428,CCA1803,9784.08,838.956,195,36.797290000000004,113.30011
1605322111,2020-11-14 02:48:31,B1428,CCA1803,9784.08,838.956,195,36.76677,113.29002
1605322116,2020-11-14 02:48:36,B1428,CCA1803,9784.08,838.956,195,36.76677,113.29002
1605322121,2020-11-14 02:48:41,B1428,CCA1803,9784.08,838.956,195,36.71691,113.2736
1605322128,2020-11-14 02:48:48,B1428,CCA1803,9784.08,838.956,195,36.71691,113.2736
1605322136,2020-11-14 02:48:56,B1428,CCA1803,9784.08,838.956,195,36.71691,113.2736
1605322142,2020-11-14 02:49:02,B1428,CCA1803,9784.08,838.956,195,36.67641,113.26016000000001
1605322159,2020-11-14 02:49:19,B1428,CCA1803,9784.08,838.956,195,36.6524,113.25216
1605322161,2020-11-14 02:49:21,B1428,CCA1803,9784.08,838.956,195,36.63538,113.2465
1605322174,2020-11-14 02:49:34,B1428,CCA1803,9784.08,840.808,195,36.63538,113.2465
1605322187,2020-11-14 02:49:47,B1428,CCA1803,9784.08,840.808,195,36.608259999999994,113.23754
1605322193,2020-11-14 02:49:53,B1428,CCA1803,9784.08,840.808,195,36.608259999999994,113.23754
1605322199,2020-11-14 02:49:59,B1428,CCA1803,9784.08,840.808,195,36.608259999999994,113.23754
1605322212,2020-11-14 02:50:12,B1428,CCA1803,9784.08,840.808,195,36.54694,113.21736999999999
1605322226,2020-11-14 02:50:26,B1428,CCA1803,9784.08,840.808,195,36.50432,113.20335
1605322237,2020-11-14 02:50:37,B1428,CCA1803,9784.08,840.808,195,36.4829,113.19628999999999
1605322252,2020-11-14 02:50:52,B1428,CCA1803,9784.08,840.808,195,36.4829,113.19628999999999
1605322259,2020-11-14 02:50:59,B1428,CCA1803,9784.08,840.808,195,36.4829,113.19628999999999
1605322268,2020-11-14 02:51:08,B1428,CCA1803,9784.08,840.808,195,36.4829,113.19628999999999
1605322279,2020-11-14 02:51:19,B1428,CCA1803,9784.08,840.808,195,36.4829,113.19628999999999
1605322281,2020-11-14 02:51:21,B1428,CCA1803,9784.08,840.808,195,36.4829,113.19628999999999
1605322295,2020-11-14 02:51:35,B1428,CCA1803,9784.08,842.66,195,36.377829999999996,113.16175
1605322297,2020-11-14 02:51:37,B1428,CCA1803,9784.08,842.66,195,36.35888,113.15556000000001
1605322314,2020-11-14 02:51:54,B1428,CCA1803,9784.08,842.66,195,36.32886,113.14568
1605322328,2020-11-14 02:52:08,B1428,CCA1803,9784.08,842.66,195,36.29883,113.1358
1605322332,2020-11-14 02:52:12,B1428,CCA1803,9784.08,842.66,195,36.29883,113.1358
1605322346,2020-11-14 02:52:26,B1428,CCA1803,9784.08,838.956,198,36.26955,113.12593000000001
1605322353,2020-11-14 02:52:33,B1428,CCA1803,9784.08,835.252,200,36.26955,113.12593000000001
1605322359,2020-11-14 02:52:39,B1428,CCA1803,9784.08,835.252,200,36.26955,113.12593000000001
1605322369,2020-11-14 02:52:49,B1428,CCA1803,9784.08,827.8439999999999,208,36.26955,113.12593000000001
1605322378,2020-11-14 02:52:58,B1428,CCA1803,9784.08,827.8439999999999,208,36.20489,113.08865
1605322388,2020-11-14 02:53:08,B1428,CCA1803,9784.08,827.8439999999999,208,36.20489,113.08865
1605322394,2020-11-14 02:53:14,B1428,CCA1803,9784.08,827.8439999999999,208,36.20489,113.08865
1605322413,2020-11-14 02:53:33,B1428,CCA1803,9784.08,803.768,233,36.20489,113.08865
1605322416,2020-11-14 02:53:36,B1428,CCA1803,9784.08,796.36,242,36.20489,113.08865
1605322427,2020-11-14 02:53:47,B1428,CCA1803,9784.08,792.6560000000001,248,36.149370000000005,113.00686
1605322446,2020-11-14 02:54:06,B1428,CCA1803,9784.08,788.952,255,36.13435,112.94312
1605322458,2020-11-14 02:54:18,B1428,CCA1803,9784.08,788.952,264,36.13435,112.94312
1605322471,2020-11-14 02:54:31,B1428,CCA1803,9784.08,788.952,264,36.12947,112.88125
1605322477,2020-11-14 02:54:37,B1428,CCA1803,9784.08,792.6560000000001,266,36.12947,112.88125
1605322482,2020-11-14 02:54:42,B1428,CCA1803,9784.08,792.6560000000001,265,36.12947,112.88125
1605322489,2020-11-14 02:54:49,B1428,CCA1803,9784.08,792.6560000000001,265,36.12947,112.88125
1605322494,2020-11-14 02:54:54,B1428,CCA1803,9784.08,792.6560000000001,265,36.12947,112.88125
1605322507,2020-11-14 02:55:07,B1428,CCA1803,9784.08,801.916,252,36.119479999999996,112.80304
1605322523,2020-11-14 02:55:23,B1428,CCA1803,9784.08,801.916,252,36.10716,112.76705
1605322536,2020-11-14 02:55:36,B1428,CCA1803,9784.08,807.472,235,36.10103,112.75399999999999
1605322547,2020-11-14 02:55:47,B1428,CCA1803,9784.08,807.472,235,36.08213,112.72346999999999
1605322558,2020-11-14 02:55:58,B1428,CCA1803,9784.08,822.288,219,36.08213,112.72346999999999
1605322571,2020-11-14 02:56:11,B1428,CCA1803,9784.08,825.992,215,36.04065,112.68191999999999
1605322582,2020-11-14 02:56:22,B1428,CCA1803,9784.08,835.252,208,36.04065,112.68191999999999
1605322599,2020-11-14 02:56:39,B1428,CCA1803,9784.08,842.66,200,35.981809999999996,112.65387
1605322604,2020-11-14 02:56:44,B1428,CCA1803,9784.08,842.66,200,35.981809999999996,112.65387
1605322609,2020-11-14 02:56:49,B1428,CCA1803,9784.08,842.66,200,35.981809999999996,112.65387
1605322614,2020-11-14 02:56:54,B1428,CCA1803,9784.08,842.66,200,35.981809999999996,112.65387
1605322624,2020-11-14 02:57:04,B1428,CCA1803,9784.08,870.44,178,35.981809999999996,112.65387
1605322631,2020-11-14 02:57:11,B1428,CCA1803,9784.08,870.44,178,35.981809999999996,112.65387
1605322641,2020-11-14 02:57:21,B1428,CCA1803,9784.08,877.8480000000001,172,35.89883,112.65324
1605322644,2020-11-14 02:57:24,B1428,CCA1803,9784.08,879.7,172,35.89883,112.65324
1605322661,2020-11-14 02:57:41,B1428,CCA1803,9784.08,881.552,168,35.851,112.66238999999999
1605322670,2020-11-14 02:57:50,B1428,CCA1803,9784.08,885.2560000000001,165,35.851,112.66238999999999
1605322676,2020-11-14 02:57:56,B1428,CCA1803,9784.08,885.2560000000001,163,35.851,112.66238999999999
1605322681,2020-11-14 02:58:01,B1428,CCA1803,9784.08,885.2560000000001,163,35.851,112.66238999999999
1605322684,2020-11-14 02:58:04,B1428,CCA1803,9784.08,888.96,161,35.851,112.66238999999999
1605322691,2020-11-14 02:58:11,B1428,CCA1803,9784.08,888.96,161,35.78568,112.68542
1605322696,2020-11-14 02:58:16,B1428,CCA1803,9784.08,888.96,161,35.78568,112.68542
1605322698,2020-11-14 02:58:18,B1428,CCA1803,9784.08,890.812,159,35.78568,112.68542
1605322714,2020-11-14 02:58:34,B1428,CCA1803,9784.08,890.812,159,35.73788,112.70725
1605322719,2020-11-14 02:58:39,B1428,CCA1803,9784.08,890.812,159,35.73788,112.70725
1605322725,2020-11-14 02:58:45,B1428,CCA1803,9784.08,890.812,159,35.73788,112.70725
1605322731,2020-11-14 02:58:51,B1428,CCA1803,9784.08,890.812,159,35.73788,112.70725
1605322735,2020-11-14 02:58:55,B1428,CCA1803,9784.08,890.812,159,35.697790000000005,112.72592
1605322739,2020-11-14 02:58:59,B1428,CCA1803,9784.08,890.812,159,35.697790000000005,112.72592
1605322743,2020-11-14 02:59:03,B1428,CCA1803,9784.08,890.812,159,35.697790000000005,112.72592
1605322749,2020-11-14 02:59:09,B1428,CCA1803,9784.08,890.812,159,35.697790000000005,112.72592
1605322756,2020-11-14 02:59:16,B1428,CCA1803,9784.08,890.812,159,35.697790000000005,112.72592
1605322761,2020-11-14 02:59:21,B1428,CCA1803,9784.08,890.812,160,35.697790000000005,112.72592
1605322768,2020-11-14 02:59:28,B1428,CCA1803,9784.08,881.552,168,35.62745,112.75666000000001
1605322776,2020-11-14 02:59:36,B1428,CCA1803,9784.08,881.552,168,35.62745,112.75666000000001
1605322785,2020-11-14 02:59:45,B1428,CCA1803,9784.08,872.2919999999999,175,35.62745,112.75666000000001
1605322791,2020-11-14 02:59:51,B1428,CCA1803,9784.08,872.2919999999999,175,35.62745,112.75666000000001
1605322798,2020-11-14 02:59:58,B1428,CCA1803,9784.08,855.6239999999999,189,35.55976,112.75793999999999
1605322809,2020-11-14 03:00:09,B1428,CCA1803,9784.08,855.6239999999999,189,35.55976,112.75793999999999
1605322821,2020-11-14 03:00:21,B1428,CCA1803,9784.08,844.512,200,35.53202,112.74842
1605322825,2020-11-14 03:00:25,B1428,CCA1803,9784.08,838.956,203,35.503479999999996,112.73387
1605322831,2020-11-14 03:00:31,B1428,CCA1803,9784.08,838.956,203,35.503479999999996,112.73387
1605322843,2020-11-14 03:00:43,B1428,CCA1803,9784.08,838.956,203,35.488040000000005,112.72601999999999
1605322849,2020-11-14 03:00:49,B1428,CCA1803,9784.08,838.956,203,35.45485,112.70891
1605322860,2020-11-14 03:01:00,B1428,CCA1803,9784.08,838.956,203,35.43761,112.69986000000002
1605322876,2020-11-14 03:01:16,B1428,CCA1803,9784.08,837.1039999999999,204,35.41173,112.68625
1605322891,2020-11-14 03:01:31,B1428,CCA1803,9784.08,838.956,204,35.39585,112.67783
1605322894,2020-11-14 03:01:34,B1428,CCA1803,9784.08,838.956,204,35.372859999999996,112.66571
1605322909,2020-11-14 03:01:49,B1428,CCA1803,9784.08,837.1039999999999,204,35.353590000000004,112.65558
1605322920,2020-11-14 03:02:00,B1428,CCA1803,9784.08,837.1039999999999,204,35.3183,112.63703999999998
1605322938,2020-11-14 03:02:18,B1428,CCA1803,9784.08,838.956,204,35.31648,112.6361
1605322945,2020-11-14 03:02:25,B1428,CCA1803,9784.08,838.956,203,35.31648,112.6361
1605322960,2020-11-14 03:02:40,B1428,CCA1803,9784.08,838.956,203,35.25586,112.60466000000001
1605322974,2020-11-14 03:02:54,B1428,CCA1803,9784.08,840.808,203,35.2426,112.59783
1605322979,2020-11-14 03:02:59,B1428,CCA1803,9784.08,840.808,203,35.2426,112.59783
1605322994,2020-11-14 03:03:14,B1428,CCA1803,9784.08,842.66,204,35.18018,112.56563
1605323040,2020-11-14 03:04:00,B1428,CCA1803,9784.08,842.66,204,35.09848,112.52655
1605323055,2020-11-14 03:04:15,B1428,CCA1803,9784.08,850.068,197,35.09848,112.52655
1605323061,2020-11-14 03:04:21,B1428,CCA1803,9784.08,850.068,197,35.09848,112.52655
1605323072,2020-11-14 03:04:32,B1428,CCA1803,9784.08,848.216,197,35.09848,112.52655
1605323112,2020-11-14 03:05:12,B1428,CCA1803,9784.08,848.216,197,34.94897,112.47085
1605323127,2020-11-14 03:05:27,B1428,CCA1803,9784.08,848.216,197,34.91624,112.45891
1605323129,2020-11-14 03:05:29,B1428,CCA1803,9784.08,848.216,197,34.91624,112.45891
1605323135,2020-11-14 03:05:35,B1428,CCA1803,9784.08,848.216,197,34.91624,112.45891
1605323192,2020-11-14 03:06:32,B1428,CCA1803,9989.82,848.216,197,34.91624,112.45891
1605323303,2020-11-14 03:08:23,B1428,CCA1803,10972.8,848.216,197,34.53181,112.41328999999999
1605323307,2020-11-14 03:08:27,B1428,CCA1803,10988.04,848.216,197,34.53181,112.41328999999999
1605323320,2020-11-14 03:08:40,B1428,CCA1803,11003.28,848.216,197,34.50577,112.41564
1605323516,2020-11-14 03:11:56,B1428,CCA1803,11003.28,896.368,175,34.50577,112.41564
1605323521,2020-11-14 03:12:01,B1428,CCA1803,11003.28,896.368,175,34.50577,112.41564
1605323536,2020-11-14 03:12:16,B1428,CCA1803,11003.28,896.368,175,34.50577,112.41564
1605323540,2020-11-14 03:12:20,B1428,CCA1803,11003.28,896.368,175,34.50577,112.41564
1605323546,2020-11-14 03:12:26,B1428,CCA1803,11003.28,896.368,175,34.50577,112.41564
1605323561,2020-11-14 03:12:41,B1428,CCA1803,11003.28,896.368,175,34.50577,112.41564
1605323570,2020-11-14 03:12:50,B1428,CCA1803,11003.28,896.368,175,34.50577,112.41564
1605323575,2020-11-14 03:12:55,B1428,CCA1803,11003.28,896.368,175,34.50577,112.41564
1605323798,2020-11-14 03:16:38,B1428,CCA1803,11003.28,881.552,176,33.45882,112.50471
1605323809,2020-11-14 03:16:49,B1428,CCA1803,11003.28,881.552,176,33.42828,112.50723
1605323824,2020-11-14 03:17:04,B1428,CCA1803,11003.28,883.404,176,33.38795,112.5106
1605323838,2020-11-14 03:17:18,B1428,CCA1803,11003.28,883.404,176,33.35589,112.51328000000001
1605323854,2020-11-14 03:17:34,B1428,CCA1803,11003.28,883.404,176,33.31677,112.51653
1605323857,2020-11-14 03:17:37,B1428,CCA1803,11003.28,883.404,176,33.31677,112.51653
1605323862,2020-11-14 03:17:42,B1428,CCA1803,11003.28,883.404,176,33.31677,112.51653
1605323874,2020-11-14 03:17:54,B1428,CCA1803,11003.28,883.404,175,33.26811,112.5206
1605323877,2020-11-14 03:17:57,B1428,CCA1803,11003.28,883.404,175,33.26811,112.5206
1605323896,2020-11-14 03:18:16,B1428,CCA1803,11003.28,883.404,175,33.22852,112.52393000000001
1605323898,2020-11-14 03:18:18,B1428,CCA1803,11003.28,883.404,175,33.22852,112.52393000000001
1605323916,2020-11-14 03:18:36,B1428,CCA1803,11003.28,883.404,175,33.176190000000005,112.52833999999999
1605323927,2020-11-14 03:18:47,B1428,CCA1803,11003.28,883.404,176,33.14985,112.53055
1605323930,2020-11-14 03:18:50,B1428,CCA1803,11003.28,883.404,176,33.14985,112.53055
1605323934,2020-11-14 03:18:54,B1428,CCA1803,11003.28,883.404,176,33.14985,112.53055
1605323942,2020-11-14 03:19:02,B1428,CCA1803,11003.28,883.404,176,33.14985,112.53055
1605323947,2020-11-14 03:19:07,B1428,CCA1803,11003.28,883.404,176,33.14985,112.53055
1605323962,2020-11-14 03:19:22,B1428,CCA1803,11003.28,883.404,176,33.075359999999996,112.53676999999999
1605323973,2020-11-14 03:19:33,B1428,CCA1803,11003.28,883.404,176,33.075359999999996,112.53676999999999
1605323977,2020-11-14 03:19:37,B1428,CCA1803,11003.28,883.404,176,33.075359999999996,112.53676999999999
1605323983,2020-11-14 03:19:43,B1428,CCA1803,11003.28,881.552,175,33.075359999999996,112.53676999999999
1605323993,2020-11-14 03:19:53,B1428,CCA1803,11003.28,881.552,175,33.0054,112.54266000000001
1605323996,2020-11-14 03:19:56,B1428,CCA1803,11003.28,881.552,176,33.0054,112.54266000000001
1605324002,2020-11-14 03:20:02,B1428,CCA1803,11003.28,881.552,176,33.0054,112.54266000000001
1605324013,2020-11-14 03:20:13,B1428,CCA1803,11003.28,879.7,177,32.96992,112.54557
1605324017,2020-11-14 03:20:17,B1428,CCA1803,11003.28,879.7,177,32.96992,112.54557
1605324033,2020-11-14 03:20:33,B1428,CCA1803,11003.28,866.7360000000001,181,32.938320000000004,112.54619
1605324039,2020-11-14 03:20:39,B1428,CCA1803,11003.28,866.7360000000001,181,32.938320000000004,112.54619
1605324045,2020-11-14 03:20:45,B1428,CCA1803,11003.28,840.808,190,32.89989,112.54146999999999
1605324062,2020-11-14 03:21:02,B1428,CCA1803,11003.28,825.992,196,32.86742,112.53296
1605324073,2020-11-14 03:21:13,B1428,CCA1803,11003.28,827.8439999999999,196,32.86742,112.53296
1605324088,2020-11-14 03:21:28,B1428,CCA1803,11003.28,827.8439999999999,196,32.86742,112.53296
1605324095,2020-11-14 03:21:35,B1428,CCA1803,11003.28,829.696,196,32.8021,112.51059
1605324102,2020-11-14 03:21:42,B1428,CCA1803,11003.28,827.8439999999999,195,32.8021,112.51059
1605324107,2020-11-14 03:21:47,B1428,CCA1803,11003.28,827.8439999999999,195,32.8021,112.51059
1605324117,2020-11-14 03:21:57,B1428,CCA1803,11003.28,827.8439999999999,196,32.8021,112.51059
1605324126,2020-11-14 03:22:06,B1428,CCA1803,11003.28,827.8439999999999,196,32.732,112.48783999999999
1605324140,2020-11-14 03:22:20,B1428,CCA1803,11003.28,827.8439999999999,196,32.7041,112.47891000000001
1605324146,2020-11-14 03:22:26,B1428,CCA1803,11003.28,827.8439999999999,196,32.7041,112.47891000000001
1605324165,2020-11-14 03:22:45,B1428,CCA1803,11003.28,827.8439999999999,196,32.67083,112.46822
1605324179,2020-11-14 03:22:59,B1428,CCA1803,11003.28,825.992,196,32.6234,112.45286999999999
1605324195,2020-11-14 03:23:15,B1428,CCA1803,11003.28,827.8439999999999,195,32.6234,112.45286999999999
1605324206,2020-11-14 03:23:26,B1428,CCA1803,11003.28,827.8439999999999,196,32.6234,112.45286999999999
1605324218,2020-11-14 03:23:38,B1428,CCA1803,11003.28,827.8439999999999,196,32.54984,112.42913999999999
1605324228,2020-11-14 03:23:48,B1428,CCA1803,11003.28,827.8439999999999,196,32.54984,112.42913999999999
1605324248,2020-11-14 03:24:08,B1428,CCA1803,11003.28,827.8439999999999,196,32.486059999999995,112.40863
1605324251,2020-11-14 03:24:11,B1428,CCA1803,11003.28,827.8439999999999,196,32.486059999999995,112.40863
1605324266,2020-11-14 03:24:26,B1428,CCA1803,11003.28,827.8439999999999,196,32.486059999999995,112.40863
1605324482,2020-11-14 03:28:02,B1428,CCA1803,11003.28,827.8439999999999,196,32.03563,112.26852
1605324661,2020-11-14 03:31:01,B1428,CCA1803,11003.28,846.3639999999999,190,32.03563,112.26852
1605324674,2020-11-14 03:31:14,B1428,CCA1803,11003.28,846.3639999999999,190,32.03563,112.26852
1605324685,2020-11-14 03:31:25,B1428,CCA1803,11003.28,846.3639999999999,190,32.03563,112.26852
1605324711,2020-11-14 03:31:51,B1428,CCA1803,11003.28,846.3639999999999,190,32.03563,112.26852
1605324737,2020-11-14 03:32:17,B1428,CCA1803,11003.28,846.3639999999999,190,32.03563,112.26852
1605324746,2020-11-14 03:32:26,B1428,CCA1803,11003.28,848.216,190,32.03563,112.26852
1605324787,2020-11-14 03:33:07,B1428,CCA1803,11003.28,850.068,191,32.03563,112.26852
1605325025,2020-11-14 03:37:05,B1428,CCA1803,11003.28,850.068,192,30.961990000000004,112.03193
1605325036,2020-11-14 03:37:16,B1428,CCA1803,11003.28,853.7719999999999,192,30.885040000000004,112.01332
1605325050,2020-11-14 03:37:30,B1428,CCA1803,11003.28,853.7719999999999,192,30.85405,112.00583
1605325060,2020-11-14 03:37:40,B1428,CCA1803,11003.28,853.7719999999999,192,30.85405,112.00583
1605325068,2020-11-14 03:37:48,B1428,CCA1803,11003.28,855.6239999999999,192,30.85405,112.00583
1605325085,2020-11-14 03:38:05,B1428,CCA1803,11003.28,855.6239999999999,192,30.85405,112.00583
1605325099,2020-11-14 03:38:19,B1428,CCA1803,11003.28,855.6239999999999,192,30.73919,111.97809
1605325145,2020-11-14 03:39:05,B1428,CCA1803,11003.28,855.6239999999999,192,30.73919,111.97809
1605325151,2020-11-14 03:39:11,B1428,CCA1803,11003.28,855.6239999999999,192,30.73919,111.97809
1605325180,2020-11-14 03:39:40,B1428,CCA1803,11003.28,855.6239999999999,192,30.73919,111.97809
1605325190,2020-11-14 03:39:50,B1428,CCA1803,11003.28,855.6239999999999,192,30.73919,111.97809
1605325196,2020-11-14 03:39:56,B1428,CCA1803,11003.28,853.7719999999999,192,30.73919,111.97809
1605325217,2020-11-14 03:40:17,B1428,CCA1803,11003.28,853.7719999999999,192,30.530359999999998,111.9278
1605325221,2020-11-14 03:40:21,B1428,CCA1803,11003.28,853.7719999999999,192,30.530359999999998,111.9278
1605325227,2020-11-14 03:40:27,B1428,CCA1803,11003.28,853.7719999999999,192,30.530359999999998,111.9278
1605325235,2020-11-14 03:40:35,B1428,CCA1803,11003.28,853.7719999999999,192,30.530359999999998,111.9278
1605325242,2020-11-14 03:40:42,B1428,CCA1803,11003.28,853.7719999999999,192,30.530359999999998,111.9278
1605325247,2020-11-14 03:40:47,B1428,CCA1803,11003.28,853.7719999999999,192,30.530359999999998,111.9278
1605325255,2020-11-14 03:40:55,B1428,CCA1803,11003.28,853.7719999999999,192,30.530359999999998,111.9278
1605325275,2020-11-14 03:41:15,B1428,CCA1803,11003.28,853.7719999999999,192,30.530359999999998,111.9278
1605325281,2020-11-14 03:41:21,B1428,CCA1803,11003.28,853.7719999999999,192,30.530359999999998,111.9278
1605325291,2020-11-14 03:41:31,B1428,CCA1803,11003.28,853.7719999999999,192,30.530359999999998,111.9278
1605325321,2020-11-14 03:42:01,B1428,CCA1803,11003.28,853.7719999999999,192,30.300890000000003,111.8727
1605325332,2020-11-14 03:42:12,B1428,CCA1803,11003.28,853.7719999999999,192,30.300890000000003,111.8727
1605325346,2020-11-14 03:42:26,B1428,CCA1803,11003.28,853.7719999999999,192,30.300890000000003,111.8727
1605325360,2020-11-14 03:42:40,B1428,CCA1803,11003.28,853.7719999999999,192,30.300890000000003,111.8727
1605325388,2020-11-14 03:43:08,B1428,CCA1803,11003.28,853.7719999999999,192,30.15958,111.83899
1605325410,2020-11-14 03:43:30,B1428,CCA1803,11003.28,855.6239999999999,192,30.1122,111.82768
1605325435,2020-11-14 03:43:55,B1428,CCA1803,11003.28,857.4760000000001,192,30.076079999999997,111.81912
1605325441,2020-11-14 03:44:01,B1428,CCA1803,11003.28,857.4760000000001,192,30.076079999999997,111.81912
1605325454,2020-11-14 03:44:14,B1428,CCA1803,11003.28,857.4760000000001,192,30.00729,111.80281000000001
1605325457,2020-11-14 03:44:17,B1428,CCA1803,11003.28,857.4760000000001,192,30.00729,111.80281000000001
1605325464,2020-11-14 03:44:24,B1428,CCA1803,11003.28,857.4760000000001,192,30.00729,111.80281000000001
1605325469,2020-11-14 03:44:29,B1428,CCA1803,11003.28,857.4760000000001,192,30.00729,111.80281000000001
1605325484,2020-11-14 03:44:44,B1428,CCA1803,11003.28,859.328,192,29.957109999999997,111.79083
1605325495,2020-11-14 03:44:55,B1428,CCA1803,11003.28,859.328,192,29.94228,111.78728999999998
1605325508,2020-11-14 03:45:08,B1428,CCA1803,11003.28,859.328,192,29.92268,111.78266
1605325516,2020-11-14 03:45:16,B1428,CCA1803,11003.28,861.18,192,29.92268,111.78266
1605325533,2020-11-14 03:45:33,B1428,CCA1803,11003.28,861.18,192,29.840259999999997,111.76311000000001
1605325550,2020-11-14 03:45:50,B1428,CCA1803,11003.28,859.328,192,29.840259999999997,111.76311000000001
1605325566,2020-11-14 03:46:06,B1428,CCA1803,11003.28,859.328,192,29.80405,111.75455
1605325569,2020-11-14 03:46:09,B1428,CCA1803,11003.28,861.18,192,29.80405,111.75455
1605325580,2020-11-14 03:46:20,B1428,CCA1803,11003.28,861.18,192,29.80405,111.75455
1605325585,2020-11-14 03:46:25,B1428,CCA1803,11003.28,861.18,192,29.80405,111.75455
1605325589,2020-11-14 03:46:29,B1428,CCA1803,11003.28,861.18,192,29.80405,111.75455
1605325598,2020-11-14 03:46:38,B1428,CCA1803,11003.28,863.0319999999999,192,29.80405,111.75455
1605325604,2020-11-14 03:46:44,B1428,CCA1803,11003.28,863.0319999999999,192,29.80405,111.75455
1605325635,2020-11-14 03:47:15,B1428,CCA1803,11003.28,863.0319999999999,192,29.80405,111.75455
1605325644,2020-11-14 03:47:24,B1428,CCA1803,11003.28,863.0319999999999,192,29.80405,111.75455
1605325649,2020-11-14 03:47:29,B1428,CCA1803,11003.28,863.0319999999999,192,29.80405,111.75455
1605325698,2020-11-14 03:48:18,B1428,CCA1803,11003.28,859.328,192,29.564490000000003,111.698
1605325705,2020-11-14 03:48:25,B1428,CCA1803,11003.28,859.328,192,29.564490000000003,111.698
1605325718,2020-11-14 03:48:38,B1428,CCA1803,11003.28,859.328,192,29.45508,111.67217
1605325735,2020-11-14 03:48:55,B1428,CCA1803,11003.28,859.328,192,29.45508,111.67217
1605325749,2020-11-14 03:49:09,B1428,CCA1803,11003.28,861.18,190,29.45508,111.67217
1605325790,2020-11-14 03:49:50,B1428,CCA1803,11003.28,875.9960000000001,183,29.354190000000003,111.65073000000001
1605325805,2020-11-14 03:50:05,B1428,CCA1803,11003.28,874.1439999999999,183,29.25617,111.64317
1605325810,2020-11-14 03:50:10,B1428,CCA1803,11003.28,874.1439999999999,183,29.25617,111.64317
1605325814,2020-11-14 03:50:14,B1428,CCA1803,11003.28,874.1439999999999,183,29.25617,111.64317
1605325827,2020-11-14 03:50:27,B1428,CCA1803,11003.28,874.1439999999999,183,29.216790000000003,111.64107
1605325830,2020-11-14 03:50:30,B1428,CCA1803,11003.28,874.1439999999999,183,29.216790000000003,111.64107
1605325834,2020-11-14 03:50:34,B1428,CCA1803,11003.28,874.1439999999999,183,29.216790000000003,111.64107
1605325846,2020-11-14 03:50:46,B1428,CCA1803,11003.28,875.9960000000001,183,29.216790000000003,111.64107
1605325855,2020-11-14 03:50:55,B1428,CCA1803,11003.28,875.9960000000001,183,29.14515,111.63736000000002
1605325859,2020-11-14 03:50:59,B1428,CCA1803,11003.28,875.9960000000001,183,29.14515,111.63736000000002
1605325875,2020-11-14 03:51:15,B1428,CCA1803,11003.28,855.6239999999999,190,29.1214,111.63569
1605325886,2020-11-14 03:51:26,B1428,CCA1803,11003.28,838.956,196,29.0789,111.62406000000001
1605325899,2020-11-14 03:51:39,B1428,CCA1803,11003.28,807.472,211,29.0789,111.62406000000001
1605325910,2020-11-14 03:51:50,B1428,CCA1803,11003.28,807.472,211,29.04362,111.60144
1605325916,2020-11-14 03:51:56,B1428,CCA1803,11003.28,807.472,211,29.04362,111.60144
1605325920,2020-11-14 03:52:00,B1428,CCA1803,11003.28,807.472,211,29.04362,111.60144
1605325926,2020-11-14 03:52:06,B1428,CCA1803,11003.28,807.472,211,29.04362,111.60144
1605325940,2020-11-14 03:52:20,B1428,CCA1803,11003.28,807.472,211,28.997909999999997,111.54371
1605325955,2020-11-14 03:52:35,B1428,CCA1803,11003.28,796.36,218,28.97575,111.52232
1605325969,2020-11-14 03:52:49,B1428,CCA1803,11003.28,803.768,214,28.97216,111.51958
1605325975,2020-11-14 03:52:55,B1428,CCA1803,11003.28,803.768,214,28.97216,111.51958
1605325992,2020-11-14 03:53:12,B1428,CCA1803,11003.28,835.252,199,28.97216,111.51958
1605325999,2020-11-14 03:53:19,B1428,CCA1803,11003.28,835.252,199,28.97216,111.51958
1605326004,2020-11-14 03:53:24,B1428,CCA1803,11003.28,835.252,199,28.97216,111.51958
1605326011,2020-11-14 03:53:31,B1428,CCA1803,11003.28,835.252,199,28.97216,111.51958
1605326019,2020-11-14 03:53:39,B1428,CCA1803,11003.28,840.808,197,28.97216,111.51958
1605326035,2020-11-14 03:53:55,B1428,CCA1803,11003.28,840.808,196,28.83366,111.46051999999999
1605326053,2020-11-14 03:54:13,B1428,CCA1803,11003.28,840.808,196,28.781059999999997,111.44402
1605326055,2020-11-14 03:54:15,B1428,CCA1803,11003.28,840.808,196,28.781059999999997,111.44402
1605326072,2020-11-14 03:54:32,B1428,CCA1803,11003.28,840.808,196,28.781059999999997,111.44402
1605326075,2020-11-14 03:54:35,B1428,CCA1803,11003.28,840.808,196,28.781059999999997,111.44402
1605326083,2020-11-14 03:54:43,B1428,CCA1803,11003.28,840.808,196,28.724120000000003,111.4263
1605326090,2020-11-14 03:54:50,B1428,CCA1803,11003.28,840.808,196,28.724120000000003,111.4263
1605326097,2020-11-14 03:54:57,B1428,CCA1803,11003.28,840.808,196,28.724120000000003,111.4263
1605326102,2020-11-14 03:55:02,B1428,CCA1803,11003.28,838.956,196,28.68398,111.41373
1605326118,2020-11-14 03:55:18,B1428,CCA1803,11003.28,837.1039999999999,196,28.655690000000003,111.40485
1605326131,2020-11-14 03:55:31,B1428,CCA1803,11003.28,835.252,196,28.64374,111.4011
1605326136,2020-11-14 03:55:36,B1428,CCA1803,11003.28,835.252,196,28.64374,111.4011
1605326142,2020-11-14 03:55:42,B1428,CCA1803,11003.28,833.4,196,28.60179,111.3878
1605326161,2020-11-14 03:56:01,B1428,CCA1803,11003.28,833.4,196,28.56557,111.37638000000001
1605326181,2020-11-14 03:56:21,B1428,CCA1803,11003.28,833.4,196,28.56557,111.37638000000001
1605326217,2020-11-14 03:56:57,B1428,CCA1803,11003.28,833.4,196,28.4539,111.34121
1605326223,2020-11-14 03:57:03,B1428,CCA1803,11003.28,833.4,196,28.4539,111.34121
1605326226,2020-11-14 03:57:06,B1428,CCA1803,11003.28,833.4,196,28.43362,111.33482
1605326230,2020-11-14 03:57:10,B1428,CCA1803,11003.28,833.4,196,28.43362,111.33482
1605326247,2020-11-14 03:57:27,B1428,CCA1803,11003.28,835.252,196,28.41371,111.32853
1605326251,2020-11-14 03:57:31,B1428,CCA1803,11003.28,835.252,196,28.41371,111.32853
1605326256,2020-11-14 03:57:36,B1428,CCA1803,11003.28,835.252,196,28.41371,111.32853
1605326263,2020-11-14 03:57:43,B1428,CCA1803,11003.28,835.252,196,28.41371,111.32853
1605326272,2020-11-14 03:57:52,B1428,CCA1803,11003.28,837.1039999999999,196,28.3519,111.30906
1605326288,2020-11-14 03:58:08,B1428,CCA1803,11003.28,837.1039999999999,196,28.30943,111.29568
1605326309,2020-11-14 03:58:29,B1428,CCA1803,11003.28,838.956,196,28.273359999999997,111.28433999999999
1605326330,2020-11-14 03:58:50,B1428,CCA1803,11003.28,840.808,196,28.273359999999997,111.28433999999999
1605326339,2020-11-14 03:58:59,B1428,CCA1803,11003.28,840.808,196,28.21815,111.2671
1605326344,2020-11-14 03:59:04,B1428,CCA1803,11003.28,840.808,196,28.21815,111.2671
1605326358,2020-11-14 03:59:18,B1428,CCA1803,11003.28,840.808,196,28.21815,111.2671
1605326369,2020-11-14 03:59:29,B1428,CCA1803,11003.28,842.66,196,28.21815,111.2671
1605326380,2020-11-14 03:59:40,B1428,CCA1803,11003.28,842.66,196,28.21815,111.2671
1605326382,2020-11-14 03:59:42,B1428,CCA1803,11003.28,842.66,196,28.21815,111.2671
1605326397,2020-11-14 03:59:57,B1428,CCA1803,11003.28,842.66,196,28.115270000000002,111.2349
1605326409,2020-11-14 04:00:09,B1428,CCA1803,11003.28,842.66,196,28.074959999999997,111.2223
1605326420,2020-11-14 04:00:20,B1428,CCA1803,11003.28,842.66,196,28.074959999999997,111.2223
1605326433,2020-11-14 04:00:33,B1428,CCA1803,11003.28,844.512,196,28.01425,111.2034
1605326440,2020-11-14 04:00:40,B1428,CCA1803,11003.28,844.512,196,28.01425,111.2034
1605326445,2020-11-14 04:00:45,B1428,CCA1803,11003.28,844.512,196,28.01425,111.2034
1605326450,2020-11-14 04:00:50,B1428,CCA1803,11003.28,844.512,196,28.01425,111.2034
1605326475,2020-11-14 04:01:15,B1428,CCA1803,11003.28,844.512,196,27.96528,111.18816000000001
1605326493,2020-11-14 04:01:33,B1428,CCA1803,11003.28,844.512,196,27.8903,111.16485
1605326611,2020-11-14 04:03:31,B1428,CCA1803,11003.28,844.512,196,27.65437,111.09163000000001
1605326626,2020-11-14 04:03:46,B1428,CCA1803,11003.28,846.3639999999999,196,27.621640000000003,111.08152
1605326637,2020-11-14 04:03:57,B1428,CCA1803,11003.28,846.3639999999999,196,27.603240000000003,111.07582
1605326661,2020-11-14 04:04:21,B1428,CCA1803,11003.28,846.3639999999999,196,27.58025,111.06871000000001
1605326686,2020-11-14 04:04:46,B1428,CCA1803,11003.28,844.512,196,27.58025,111.06871000000001
1605326799,2020-11-14 04:06:39,B1428,CCA1803,11003.28,848.216,196,27.272209999999998,110.97363999999999
1605326844,2020-11-14 04:07:24,B1428,CCA1803,11003.28,853.7719999999999,196,27.175279999999997,110.94388000000001
1605326867,2020-11-14 04:07:47,B1428,CCA1803,11003.28,853.7719999999999,196,27.132409999999997,110.93075
1605326888,2020-11-14 04:08:08,B1428,CCA1803,11003.28,857.4760000000001,196,27.084740000000004,110.91617
1605327068,2020-11-14 04:11:08,B1428,CCA1803,11003.28,868.5880000000001,196,27.084740000000004,110.91617
1605327103,2020-11-14 04:11:43,B1428,CCA1803,11003.28,868.5880000000001,196,27.084740000000004,110.91617
1605327184,2020-11-14 04:13:04,B1428,CCA1803,10995.66,846.3639999999999,196,27.084740000000004,110.91617
1605327216,2020-11-14 04:13:36,B1428,CCA1803,10995.66,840.808,196,27.084740000000004,110.91617
1605327219,2020-11-14 04:13:39,B1428,CCA1803,11003.28,840.808,196,27.084740000000004,110.91617
1605327493,2020-11-14 04:18:13,B1428,CCA1803,11003.28,835.252,196,25.87555,110.54972
1605327506,2020-11-14 04:18:26,B1428,CCA1803,11003.28,835.252,197,25.81549,110.53126
1605327517,2020-11-14 04:18:37,B1428,CCA1803,11003.28,831.548,202,25.79247,110.52175
1605327529,2020-11-14 04:18:49,B1428,CCA1803,11003.28,831.548,202,25.767689999999998,110.50899
1605327542,2020-11-14 04:19:02,B1428,CCA1803,11003.28,827.8439999999999,211,25.76065,110.50486000000001
1605327550,2020-11-14 04:19:10,B1428,CCA1803,11003.28,827.8439999999999,211,25.76065,110.50486000000001
1605327567,2020-11-14 04:19:27,B1428,CCA1803,11003.28,827.8439999999999,211,25.76065,110.50486000000001
1605327577,2020-11-14 04:19:37,B1428,CCA1803,11003.28,827.8439999999999,211,25.76065,110.50486000000001
1605327589,2020-11-14 04:19:49,B1428,CCA1803,11003.28,827.8439999999999,211,25.76065,110.50486000000001
1605327593,2020-11-14 04:19:53,B1428,CCA1803,11003.28,827.8439999999999,211,25.76065,110.50486000000001
1605327602,2020-11-14 04:20:02,B1428,CCA1803,11003.28,827.8439999999999,213,25.76065,110.50486000000001
1605327607,2020-11-14 04:20:07,B1428,CCA1803,11003.28,827.8439999999999,213,25.76065,110.50486000000001
1605327618,2020-11-14 04:20:18,B1428,CCA1803,11003.28,827.8439999999999,213,25.76065,110.50486000000001
1605327625,2020-11-14 04:20:25,B1428,CCA1803,11003.28,827.8439999999999,213,25.76065,110.50486000000001
1605327648,2020-11-14 04:20:48,B1428,CCA1803,11003.28,825.992,214,25.575470000000003,110.37668000000001
1605327659,2020-11-14 04:20:59,B1428,CCA1803,11003.28,827.8439999999999,215,25.54124,110.35126000000001
1605327664,2020-11-14 04:21:04,B1428,CCA1803,11003.28,827.8439999999999,215,25.54124,110.35126000000001
1605327676,2020-11-14 04:21:16,B1428,CCA1803,11003.28,825.992,215,25.52371,110.33813
1605327682,2020-11-14 04:21:22,B1428,CCA1803,11003.28,825.992,215,25.52371,110.33813
1605327695,2020-11-14 04:21:35,B1428,CCA1803,11003.28,825.992,215,25.48174,110.30691000000002
1605327709,2020-11-14 04:21:49,B1428,CCA1803,11003.28,825.992,214,25.457929999999998,110.28931000000001
1605327713,2020-11-14 04:21:53,B1428,CCA1803,11003.28,825.992,215,25.457929999999998,110.28931000000001
1605327718,2020-11-14 04:21:58,B1428,CCA1803,11003.28,827.8439999999999,215,25.457929999999998,110.28931000000001
1605327723,2020-11-14 04:22:03,B1428,CCA1803,11003.28,827.8439999999999,215,25.457929999999998,110.28931000000001
1605327738,2020-11-14 04:22:18,B1428,CCA1803,11003.28,827.8439999999999,215,25.44145,110.27703000000001
1605327753,2020-11-14 04:22:33,B1428,CCA1803,11003.28,827.8439999999999,215,25.403000000000002,110.24831
1605327768,2020-11-14 04:22:48,B1428,CCA1803,11003.28,827.8439999999999,215,25.38702,110.23641
1605327780,2020-11-14 04:23:00,B1428,CCA1803,11003.28,827.8439999999999,215,25.35091,110.20951000000001
1605327791,2020-11-14 04:23:11,B1428,CCA1803,11003.28,827.8439999999999,215,25.35091,110.20951000000001
1605327802,2020-11-14 04:23:22,B1428,CCA1803,11003.28,827.8439999999999,215,25.31071,110.17975
1605327818,2020-11-14 04:23:38,B1428,CCA1803,11003.28,827.8439999999999,215,25.298070000000003,110.17043000000001
1605327824,2020-11-14 04:23:44,B1428,CCA1803,11003.28,827.8439999999999,215,25.298070000000003,110.17043000000001
1605327829,2020-11-14 04:23:49,B1428,CCA1803,11003.28,827.8439999999999,215,25.298070000000003,110.17043000000001
1605327841,2020-11-14 04:24:01,B1428,CCA1803,11003.28,827.8439999999999,215,25.24585,110.13179
1605327847,2020-11-14 04:24:07,B1428,CCA1803,11003.28,827.8439999999999,215,25.24585,110.13179
1605327853,2020-11-14 04:24:13,B1428,CCA1803,11003.28,827.8439999999999,215,25.24585,110.13179
1605327857,2020-11-14 04:24:17,B1428,CCA1803,11003.28,827.8439999999999,215,25.2133,110.10762
1605327864,2020-11-14 04:24:24,B1428,CCA1803,11003.28,827.8439999999999,215,25.2133,110.10762
1605327866,2020-11-14 04:24:26,B1428,CCA1803,11003.28,825.992,215,25.2133,110.10762
1605327871,2020-11-14 04:24:31,B1428,CCA1803,11003.28,827.8439999999999,215,25.2133,110.10762
1605327880,2020-11-14 04:24:40,B1428,CCA1803,11003.28,827.8439999999999,215,25.2133,110.10762
1605327889,2020-11-14 04:24:49,B1428,CCA1803,11003.28,827.8439999999999,215,25.163629999999998,110.07047
1605327903,2020-11-14 04:25:03,B1428,CCA1803,11003.28,829.696,215,25.1364,110.05015
1605327910,2020-11-14 04:25:10,B1428,CCA1803,11003.28,829.696,215,25.1364,110.05015
1605327916,2020-11-14 04:25:16,B1428,CCA1803,11003.28,829.696,215,25.10558,110.0272
1605327930,2020-11-14 04:25:30,B1428,CCA1803,11003.28,829.696,215,25.08847,110.01444
1605327945,2020-11-14 04:25:45,B1428,CCA1803,11003.28,827.8439999999999,215,25.07583,110.00506999999999
1605327950,2020-11-14 04:25:50,B1428,CCA1803,11003.28,827.8439999999999,215,25.04091,109.9791
1605327955,2020-11-14 04:25:55,B1428,CCA1803,11003.28,827.8439999999999,215,25.04091,109.9791
1605327966,2020-11-14 04:26:06,B1428,CCA1803,11003.28,827.8439999999999,215,25.02369,109.9663
1605327978,2020-11-14 04:26:18,B1428,CCA1803,11003.28,827.8439999999999,215,25.03053,109.97138000000001
1605327986,2020-11-14 04:26:26,B1428,CCA1803,11003.28,825.992,215,25.03053,109.97138000000001
1605327997,2020-11-14 04:26:37,B1428,CCA1803,11003.28,825.992,215,24.97565,109.9307
1605328006,2020-11-14 04:26:46,B1428,CCA1803,11003.28,825.992,215,24.97565,109.9307
1605328010,2020-11-14 04:26:50,B1428,CCA1803,11003.28,825.992,215,24.94995,109.91158
1605328026,2020-11-14 04:27:06,B1428,CCA1803,11003.28,825.992,215,24.91457,109.8853
1605328030,2020-11-14 04:27:10,B1428,CCA1803,11003.28,825.992,215,24.91457,109.8853
1605328033,2020-11-14 04:27:13,B1428,CCA1803,11003.28,825.992,215,24.89735,109.87251
1605328044,2020-11-14 04:27:24,B1428,CCA1803,11003.28,825.992,215,24.88897,109.86628999999999
1605328066,2020-11-14 04:27:46,B1428,CCA1803,11003.28,825.992,215,24.88897,109.86628999999999
1605328070,2020-11-14 04:27:50,B1428,CCA1803,11003.28,825.992,215,24.88897,109.86628999999999
1605328089,2020-11-14 04:28:09,B1428,CCA1803,11003.28,825.992,215,24.88897,109.86628999999999
1605328117,2020-11-14 04:28:37,B1428,CCA1803,11003.28,825.992,215,24.88897,109.86628999999999
1605328137,2020-11-14 04:28:57,B1428,CCA1803,11003.28,827.8439999999999,215,24.74019,109.75622
1605328142,2020-11-14 04:29:02,B1428,CCA1803,11003.28,827.8439999999999,215,24.74019,109.75622
1605328157,2020-11-14 04:29:17,B1428,CCA1803,11003.28,829.696,215,24.69838,109.72528
1605328173,2020-11-14 04:29:33,B1428,CCA1803,11003.28,829.696,215,24.678739999999998,109.71066
1605328184,2020-11-14 04:29:44,B1428,CCA1803,11003.28,829.696,215,24.6441,109.68496
1605328185,2020-11-14 04:29:45,B1428,CCA1803,11003.28,831.548,215,24.6441,109.68496
1605328196,2020-11-14 04:29:56,B1428,CCA1803,11003.28,833.4,215,24.62236,109.66883999999999
1605328208,2020-11-14 04:30:08,B1428,CCA1803,11003.28,833.4,215,24.62236,109.66883999999999
1605328213,2020-11-14 04:30:13,B1428,CCA1803,11003.28,833.4,215,24.59331,109.64733999999999
1605328231,2020-11-14 04:30:31,B1428,CCA1803,11003.28,833.4,215,24.57266,109.63206000000001
1605328244,2020-11-14 04:30:44,B1428,CCA1803,11003.28,833.4,215,24.55947,109.6222
1605328258,2020-11-14 04:30:58,B1428,CCA1803,11003.28,833.4,215,24.51874,109.59203000000001
1605328275,2020-11-14 04:31:15,B1428,CCA1803,11003.28,833.4,215,24.50826,109.58426999999999
1605328289,2020-11-14 04:31:29,B1428,CCA1803,11003.28,833.4,215,24.47008,109.55606999999999
1605328303,2020-11-14 04:31:43,B1428,CCA1803,11003.28,833.4,215,24.44998,109.54122
1605328314,2020-11-14 04:31:54,B1428,CCA1803,11003.28,835.252,215,24.43698,109.53166
1605328334,2020-11-14 04:32:14,B1428,CCA1803,11003.28,835.252,215,24.42582,109.52338
1605328347,2020-11-14 04:32:27,B1428,CCA1803,11003.28,833.4,215,24.37184,109.48348999999999
1605328358,2020-11-14 04:32:38,B1428,CCA1803,11003.28,833.4,215,24.36127,109.47571
1605328364,2020-11-14 04:32:44,B1428,CCA1803,11003.28,835.252,215,24.36127,109.47571
1605328368,2020-11-14 04:32:48,B1428,CCA1803,11003.28,833.4,215,24.36127,109.47571
1605328372,2020-11-14 04:32:52,B1428,CCA1803,11003.28,833.4,215,24.36127,109.47571
1605328377,2020-11-14 04:32:57,B1428,CCA1803,11003.28,833.4,215,24.36127,109.47571
1605328383,2020-11-14 04:33:03,B1428,CCA1803,11003.28,833.4,215,24.36127,109.47571
1605328392,2020-11-14 04:33:12,B1428,CCA1803,11003.28,835.252,215,24.30409,109.43354
1605328405,2020-11-14 04:33:25,B1428,CCA1803,11003.28,835.252,215,24.28592,109.42012
1605328407,2020-11-14 04:33:27,B1428,CCA1803,11003.28,835.252,215,24.28592,109.42012
1605328419,2020-11-14 04:33:39,B1428,CCA1803,11003.28,837.1039999999999,215,24.25081,109.39433000000001
1605328430,2020-11-14 04:33:50,B1428,CCA1803,11003.28,837.1039999999999,215,24.22906,109.37831000000001
1605328445,2020-11-14 04:34:05,B1428,CCA1803,11003.28,838.956,215,24.2049,109.36045
1605328460,2020-11-14 04:34:20,B1428,CCA1803,11003.28,838.956,215,24.16839,109.33361000000001
1605328466,2020-11-14 04:34:26,B1428,CCA1803,11003.28,840.808,215,24.16839,109.33361000000001
1605328480,2020-11-14 04:34:40,B1428,CCA1803,11003.28,837.1039999999999,215,24.15898,109.32671
1605328497,2020-11-14 04:34:57,B1428,CCA1803,11003.28,837.1039999999999,215,24.109029999999997,109.29002
1605328511,2020-11-14 04:35:11,B1428,CCA1803,11003.28,835.252,215,24.075029999999998,109.26513999999999
1605328525,2020-11-14 04:35:25,B1428,CCA1803,11003.28,835.252,215,24.07141,109.26248999999999
1605328530,2020-11-14 04:35:30,B1428,CCA1803,11003.28,835.252,215,24.07141,109.26248999999999
1605328541,2020-11-14 04:35:41,B1428,CCA1803,11003.28,835.252,215,24.035339999999998,109.23613
1605328562,2020-11-14 04:36:02,B1428,CCA1803,11003.28,833.4,215,24.004170000000002,109.21331
1605328576,2020-11-14 04:36:16,B1428,CCA1803,11003.28,835.252,215,23.97231,109.18995
1605328590,2020-11-14 04:36:30,B1428,CCA1803,11003.28,835.252,215,23.95615,109.17813999999998
1605328602,2020-11-14 04:36:42,B1428,CCA1803,11003.28,835.252,215,23.9366,109.16382
1605328613,2020-11-14 04:36:53,B1428,CCA1803,11003.28,835.252,215,23.90776,109.14271000000001
1605328626,2020-11-14 04:37:06,B1428,CCA1803,11003.28,835.252,215,23.88242,109.12423999999999
1605328637,2020-11-14 04:37:17,B1428,CCA1803,11003.28,837.1039999999999,215,23.86468,109.11124
1605328648,2020-11-14 04:37:28,B1428,CCA1803,11003.28,837.1039999999999,215,23.84386,109.09602
1605328663,2020-11-14 04:37:43,B1428,CCA1803,11003.28,837.1039999999999,214,23.8509,109.10118
1605328669,2020-11-14 04:37:49,B1428,CCA1803,11003.28,837.1039999999999,214,23.8509,109.10118
1605328683,2020-11-14 04:38:03,B1428,CCA1803,11003.28,844.512,201,23.77567,109.06232
1605328688,2020-11-14 04:38:08,B1428,CCA1803,11003.28,851.92,191,23.77567,109.06232
1605328693,2020-11-14 04:38:13,B1428,CCA1803,11003.28,851.92,191,23.74265,109.05893999999999
1605328706,2020-11-14 04:38:26,B1428,CCA1803,11003.28,866.7360000000001,176,23.726879999999998,109.06003999999999
1605328722,2020-11-14 04:38:42,B1428,CCA1803,11003.28,870.44,174,23.71857,109.06102
1605328727,2020-11-14 04:38:47,B1428,CCA1803,11003.28,870.44,174,23.6754,109.06631000000002
1605328732,2020-11-14 04:38:52,B1428,CCA1803,11003.28,870.44,174,23.6754,109.06631000000002
1605328748,2020-11-14 04:39:08,B1428,CCA1803,11003.28,872.2919999999999,173,23.637220000000003,109.07135
1605328759,2020-11-14 04:39:19,B1428,CCA1803,11003.28,872.2919999999999,173,23.60555,109.07567
1605328771,2020-11-14 04:39:31,B1428,CCA1803,11003.28,870.44,173,23.59753,109.07678999999999
1605328784,2020-11-14 04:39:44,B1428,CCA1803,11003.28,866.7360000000001,173,23.574189999999998,109.0801
1605328796,2020-11-14 04:39:56,B1428,CCA1803,11003.28,868.5880000000001,173,23.531779999999998,109.086
1605328813,2020-11-14 04:40:13,B1428,CCA1803,11003.28,868.5880000000001,173,23.50589,109.08948999999998
1605328818,2020-11-14 04:40:18,B1428,CCA1803,11003.28,874.1439999999999,173,23.50589,109.08948999999998
1605328829,2020-11-14 04:40:29,B1428,CCA1803,10972.8,875.9960000000001,173,23.463070000000002,109.0952
1605328843,2020-11-14 04:40:43,B1428,CCA1803,10850.88,881.552,173,23.44135,109.09808000000001
1605328846,2020-11-14 04:40:46,B1428,CCA1803,10835.64,881.552,173,23.41763,109.10123
1605328858,2020-11-14 04:40:58,B1428,CCA1803,10828.02,883.404,173,23.41214,109.10198000000001
1605328874,2020-11-14 04:41:14,B1428,CCA1803,10706.1,885.2560000000001,173,23.39641,109.104
1605328877,2020-11-14 04:41:17,B1428,CCA1803,10744.2,885.2560000000001,173,23.39641,109.104
1605328884,2020-11-14 04:41:24,B1428,CCA1803,10690.86,885.2560000000001,173,23.34238,109.11121999999999
1605328887,2020-11-14 04:41:27,B1428,CCA1803,10690.86,885.2560000000001,173,23.34238,109.11121999999999
1605328893,2020-11-14 04:41:33,B1428,CCA1803,10690.86,887.1080000000001,173,23.34238,109.11121999999999
1605328899,2020-11-14 04:41:39,B1428,CCA1803,10698.48,887.1080000000001,173,23.29898,109.11692
1605328903,2020-11-14 04:41:43,B1428,CCA1803,10698.48,887.1080000000001,173,23.29898,109.11692
1605328921,2020-11-14 04:42:01,B1428,CCA1803,10698.48,887.1080000000001,173,23.30484,109.11616000000001
1605328929,2020-11-14 04:42:09,B1428,CCA1803,10698.48,887.1080000000001,173,23.30484,109.11616000000001
1605328943,2020-11-14 04:42:23,B1428,CCA1803,10698.48,888.96,173,23.30484,109.11616000000001
1605328945,2020-11-14 04:42:25,B1428,CCA1803,10698.48,888.96,173,23.30484,109.11616000000001
1605328949,2020-11-14 04:42:29,B1428,CCA1803,10698.48,888.96,173,23.30484,109.11616000000001
1605328957,2020-11-14 04:42:37,B1428,CCA1803,10698.48,888.96,173,23.30484,109.11616000000001
1605328963,2020-11-14 04:42:43,B1428,CCA1803,10698.48,887.1080000000001,173,23.30484,109.11616000000001
1605328982,2020-11-14 04:43:02,B1428,CCA1803,10698.48,887.1080000000001,173,23.12901,109.13925
1605328987,2020-11-14 04:43:07,B1428,CCA1803,10698.48,887.1080000000001,173,23.12901,109.13925
1605329002,2020-11-14 04:43:22,B1428,CCA1803,10698.48,887.1080000000001,173,23.10187,109.14281000000001
1605329006,2020-11-14 04:43:26,B1428,CCA1803,10698.48,887.1080000000001,173,23.10187,109.14281000000001
1605329012,2020-11-14 04:43:32,B1428,CCA1803,10698.48,887.1080000000001,173,23.10187,109.14281000000001
1605329017,2020-11-14 04:43:37,B1428,CCA1803,10698.48,887.1080000000001,173,23.10187,109.14281000000001
1605329028,2020-11-14 04:43:48,B1428,CCA1803,10698.48,887.1080000000001,173,23.01003,109.15496999999999
1605329044,2020-11-14 04:44:04,B1428,CCA1803,10698.48,887.1080000000001,173,22.97983,109.15896000000001
1605329057,2020-11-14 04:44:17,B1428,CCA1803,10698.48,888.96,173,22.959979999999998,109.16153
1605329062,2020-11-14 04:44:22,B1428,CCA1803,10698.48,888.96,173,22.959979999999998,109.16153
1605329079,2020-11-14 04:44:39,B1428,CCA1803,10698.48,894.5160000000001,173,22.95232,109.16255
1605329094,2020-11-14 04:44:54,B1428,CCA1803,10698.48,896.368,173,22.8728,109.17294
1605329107,2020-11-14 04:45:07,B1428,CCA1803,10698.48,896.368,173,22.84451,109.17669
1605329112,2020-11-14 04:45:12,B1428,CCA1803,10698.48,896.368,173,22.84451,109.17669
1605329118,2020-11-14 04:45:18,B1428,CCA1803,10698.48,896.368,173,22.84451,109.17669
1605329129,2020-11-14 04:45:29,B1428,CCA1803,10698.48,894.5160000000001,173,22.80655,109.18167
1605329144,2020-11-14 04:45:44,B1428,CCA1803,10698.48,894.5160000000001,173,22.7883,109.18411
1605329158,2020-11-14 04:45:58,B1428,CCA1803,10698.48,894.5160000000001,173,22.72701,109.19216999999999
1605329163,2020-11-14 04:46:03,B1428,CCA1803,10698.48,894.5160000000001,173,22.72701,109.19216999999999
1605329166,2020-11-14 04:46:06,B1428,CCA1803,10698.48,894.5160000000001,173,22.72701,109.19216999999999
1605329179,2020-11-14 04:46:19,B1428,CCA1803,10698.48,894.5160000000001,173,22.72701,109.19216999999999
1605329183,2020-11-14 04:46:23,B1428,CCA1803,10698.48,892.664,173,22.72701,109.19216999999999
1605329193,2020-11-14 04:46:33,B1428,CCA1803,10698.48,892.664,173,22.66122,109.20081
1605329199,2020-11-14 04:46:39,B1428,CCA1803,10698.48,892.664,173,22.66122,109.20081
1605329203,2020-11-14 04:46:43,B1428,CCA1803,10698.48,892.664,173,22.63193,109.20475
1605329209,2020-11-14 04:46:49,B1428,CCA1803,10698.48,892.664,173,22.63193,109.20475
1605329214,2020-11-14 04:46:54,B1428,CCA1803,10698.48,892.664,173,22.63193,109.20475
1605329219,2020-11-14 04:46:59,B1428,CCA1803,10698.48,892.664,173,22.63193,109.20475
1605329234,2020-11-14 04:47:14,B1428,CCA1803,10698.48,892.664,173,22.57709,109.21203999999999
1605329250,2020-11-14 04:47:30,B1428,CCA1803,10698.48,890.812,173,22.545360000000002,109.21628999999999
1605329268,2020-11-14 04:47:48,B1428,CCA1803,10698.48,890.812,172,22.49004,109.22363
1605329279,2020-11-14 04:47:59,B1428,CCA1803,10698.48,890.812,173,22.46956,109.22632
1605329284,2020-11-14 04:48:04,B1428,CCA1803,10698.48,890.812,173,22.46956,109.22632
1605329288,2020-11-14 04:48:08,B1428,CCA1803,10698.48,890.812,173,22.46956,109.22632
1605329298,2020-11-14 04:48:18,B1428,CCA1803,10698.48,890.812,173,22.46956,109.22632
1605329309,2020-11-14 04:48:29,B1428,CCA1803,10698.48,890.812,173,22.414170000000002,109.23361000000001
1605329325,2020-11-14 04:48:45,B1428,CCA1803,10698.48,888.96,173,22.36743,109.23976
1605329339,2020-11-14 04:48:59,B1428,CCA1803,10698.48,888.96,173,22.32751,109.24425
1605329345,2020-11-14 04:49:05,B1428,CCA1803,10698.48,888.96,173,22.32751,109.24425
1605329360,2020-11-14 04:49:20,B1428,CCA1803,10698.48,888.96,175,22.31011,109.24591000000001
1605329363,2020-11-14 04:49:23,B1428,CCA1803,10698.48,888.96,175,22.28479,109.2482
1605329375,2020-11-14 04:49:35,B1428,CCA1803,10698.48,888.96,175,22.270429999999998,109.24945
1605329389,2020-11-14 04:49:49,B1428,CCA1803,10698.48,888.96,175,22.21335,109.25464
1605329405,2020-11-14 04:50:05,B1428,CCA1803,10698.48,890.812,175,22.211,109.25486000000001
1605329410,2020-11-14 04:50:10,B1428,CCA1803,10698.48,890.812,175,22.211,109.25486000000001
1605329415,2020-11-14 04:50:15,B1428,CCA1803,10698.48,890.812,175,22.211,109.25486000000001
1605329423,2020-11-14 04:50:23,B1428,CCA1803,10698.48,890.812,175,22.15723,109.25988000000001
1605329435,2020-11-14 04:50:35,B1428,CCA1803,10698.48,890.812,175,22.13118,109.26238000000001
1605329449,2020-11-14 04:50:49,B1428,CCA1803,10698.48,892.664,175,22.09346,109.26605
1605329461,2020-11-14 04:51:01,B1428,CCA1803,10698.48,890.812,175,22.066589999999998,109.26862
1605329476,2020-11-14 04:51:16,B1428,CCA1803,10698.48,890.812,175,22.02342,109.27287
1605329491,2020-11-14 04:51:31,B1428,CCA1803,10698.48,894.5160000000001,175,22.010360000000002,109.27413999999999
1605329496,2020-11-14 04:51:36,B1428,CCA1803,10698.48,894.5160000000001,175,22.010360000000002,109.27413999999999
1605329501,2020-11-14 04:51:41,B1428,CCA1803,10698.48,894.5160000000001,175,22.010360000000002,109.27413999999999
1605329507,2020-11-14 04:51:47,B1428,CCA1803,10698.48,894.5160000000001,175,22.010360000000002,109.27413999999999
1605329527,2020-11-14 04:52:07,B1428,CCA1803,10698.48,892.664,175,21.93141,109.28195
1605329542,2020-11-14 04:52:22,B1428,CCA1803,10698.48,892.664,175,21.892039999999998,109.2858
1605329555,2020-11-14 04:52:35,B1428,CCA1803,10698.48,888.96,175,21.89552,109.28548
1605329561,2020-11-14 04:52:41,B1428,CCA1803,10698.48,888.96,175,21.85524,109.28945
1605329567,2020-11-14 04:52:47,B1428,CCA1803,10698.48,888.96,175,21.85524,109.28945
1605329571,2020-11-14 04:52:51,B1428,CCA1803,10698.48,888.96,175,21.81899,109.29296000000001
1605329584,2020-11-14 04:53:04,B1428,CCA1803,10698.48,888.96,175,21.79784,109.29503999999999
1605329592,2020-11-14 04:53:12,B1428,CCA1803,10698.48,887.1080000000001,175,21.79784,109.29503999999999
1605329596,2020-11-14 04:53:16,B1428,CCA1803,10698.48,887.1080000000001,175,21.79784,109.29503999999999
1605329600,2020-11-14 04:53:20,B1428,CCA1803,10698.48,887.1080000000001,175,21.79784,109.29503999999999
1605329611,2020-11-14 04:53:31,B1428,CCA1803,10698.48,887.1080000000001,175,21.740779999999997,109.30053999999998
1605329615,2020-11-14 04:53:35,B1428,CCA1803,10698.48,887.1080000000001,175,21.71424,109.30313000000001
1605329620,2020-11-14 04:53:40,B1428,CCA1803,10698.48,887.1080000000001,175,21.71424,109.30313000000001
1605329631,2020-11-14 04:53:51,B1428,CCA1803,10698.48,887.1080000000001,174,21.67163,109.30726999999999
1605329634,2020-11-14 04:53:54,B1428,CCA1803,10698.48,887.1080000000001,174,21.67163,109.30726999999999
1605329645,2020-11-14 04:54:05,B1428,CCA1803,10698.48,887.1080000000001,175,21.651629999999997,109.30923
1605329656,2020-11-14 04:54:16,B1428,CCA1803,10698.48,885.2560000000001,175,21.624979999999997,109.31182
1605329660,2020-11-14 04:54:20,B1428,CCA1803,10698.48,885.2560000000001,175,21.624979999999997,109.31182
1605329671,2020-11-14 04:54:31,B1428,CCA1803,10698.48,885.2560000000001,175,21.61125,109.31317
1605329686,2020-11-14 04:54:46,B1428,CCA1803,10698.48,885.2560000000001,175,21.61125,109.31317
1605329695,2020-11-14 04:54:55,B1428,CCA1803,10698.48,883.404,174,21.54605,109.31951000000001
1605329712,2020-11-14 04:55:12,B1428,CCA1803,10698.48,883.404,175,21.53073,109.32101000000002
1605329726,2020-11-14 04:55:26,B1428,CCA1803,10698.48,883.404,174,21.49095,109.32485
1605329741,2020-11-14 04:55:41,B1428,CCA1803,10698.48,881.552,174,21.447589999999998,109.32907
1605329752,2020-11-14 04:55:52,B1428,CCA1803,10698.48,879.7,174,21.41254,109.33243999999999
1605329766,2020-11-14 04:56:06,B1428,CCA1803,10698.48,879.7,174,21.37511,109.33604
1605329782,2020-11-14 04:56:22,B1428,CCA1803,10698.48,879.7,174,21.36401,109.33713999999999
1605329787,2020-11-14 04:56:27,B1428,CCA1803,10698.48,879.7,174,21.36401,109.33713999999999
1605329791,2020-11-14 04:56:31,B1428,CCA1803,10698.48,879.7,174,21.36401,109.33713999999999
1605329797,2020-11-14 04:56:37,B1428,CCA1803,10698.48,879.7,174,21.36401,109.33713999999999
1605329801,2020-11-14 04:56:41,B1428,CCA1803,10698.48,879.7,174,21.36401,109.33713999999999
1605329812,2020-11-14 04:56:52,B1428,CCA1803,10690.86,877.8480000000001,174,21.29136,109.34408
1605329817,2020-11-14 04:56:57,B1428,CCA1803,10645.14,877.8480000000001,174,21.29136,109.34408
1605329821,2020-11-14 04:57:01,B1428,CCA1803,10660.38,877.8480000000001,174,21.26559,109.34657
1605329832,2020-11-14 04:57:12,B1428,CCA1803,10584.18,877.8480000000001,174,21.235129999999998,109.34952
1605329843,2020-11-14 04:57:23,B1428,CCA1803,10546.08,879.7,174,21.224079999999997,109.35056999999999
1605329846,2020-11-14 04:57:26,B1428,CCA1803,10507.98,879.7,174,21.20233,109.35266999999999
1605329858,2020-11-14 04:57:38,B1428,CCA1803,10401.3,879.7,174,21.18883,109.35401999999999
1605329863,2020-11-14 04:57:43,B1428,CCA1803,10302.24,870.44,174,21.18883,109.35401999999999
1605329879,2020-11-14 04:57:59,B1428,CCA1803,10096.5,874.1439999999999,174,21.1289,109.35978999999999
1605329882,2020-11-14 04:58:02,B1428,CCA1803,9974.58,874.1439999999999,174,21.1289,109.35978999999999
1605329887,2020-11-14 04:58:07,B1428,CCA1803,9936.48,887.1080000000001,174,21.1289,109.35978999999999
1605329892,2020-11-14 04:58:12,B1428,CCA1803,9867.9,887.1080000000001,174,21.095570000000002,109.36283999999999
1605329933,2020-11-14 04:58:53,B1428,CCA1803,9791.7,887.1080000000001,174,21.095570000000002,109.36283999999999
1605330002,2020-11-14 05:00:02,B1428,CCA1803,9784.08,887.1080000000001,174,20.85901,109.4072
1605330018,2020-11-14 05:00:18,B1428,CCA1803,9784.08,885.2560000000001,143,20.843529999999998,109.41843
1605330032,2020-11-14 05:00:32,B1428,CCA1803,9784.08,888.96,141,20.80394,109.45227
1605330048,2020-11-14 05:00:48,B1428,CCA1803,9784.08,887.1080000000001,141,20.80394,109.45227
1605330062,2020-11-14 05:01:02,B1428,CCA1803,9784.08,888.96,140,20.75565,109.49421000000001
1605330074,2020-11-14 05:01:14,B1428,CCA1803,9784.08,888.96,140,20.73189,109.51505
1605330094,2020-11-14 05:01:34,B1428,CCA1803,9784.08,890.812,140,20.70099,109.54213
1605330102,2020-11-14 05:01:42,B1428,CCA1803,9784.08,890.812,140,20.70099,109.54213
1605330113,2020-11-14 05:01:53,B1428,CCA1803,9784.08,890.812,140,20.674670000000003,109.56518
1605330124,2020-11-14 05:02:04,B1428,CCA1803,9784.08,892.664,140,20.645870000000002,109.59026999999999
1605330138,2020-11-14 05:02:18,B1428,CCA1803,9784.08,892.664,140,20.64326,109.59252
1605330143,2020-11-14 05:02:23,B1428,CCA1803,9784.08,892.664,140,20.64326,109.59252
1605330146,2020-11-14 05:02:26,B1428,CCA1803,9784.08,894.5160000000001,140,20.64326,109.59252
1605330153,2020-11-14 05:02:33,B1428,CCA1803,9784.08,894.5160000000001,140,20.64326,109.59252
1605330159,2020-11-14 05:02:39,B1428,CCA1803,9784.08,894.5160000000001,140,20.64326,109.59252
1605330169,2020-11-14 05:02:49,B1428,CCA1803,9784.08,896.368,140,20.57153,109.65489
1605330181,2020-11-14 05:03:01,B1428,CCA1803,9784.08,896.368,140,20.54709,109.67601
1605330193,2020-11-14 05:03:13,B1428,CCA1803,9784.08,900.072,140,20.532610000000002,109.68855
1605330197,2020-11-14 05:03:17,B1428,CCA1803,9784.08,900.072,140,20.532610000000002,109.68855
1605330209,2020-11-14 05:03:29,B1428,CCA1803,9784.08,900.072,140,20.532610000000002,109.68855
1605330214,2020-11-14 05:03:34,B1428,CCA1803,9784.08,900.072,140,20.532610000000002,109.68855
1605330218,2020-11-14 05:03:38,B1428,CCA1803,9784.08,900.072,140,20.532610000000002,109.68855
1605330228,2020-11-14 05:03:48,B1428,CCA1803,9784.08,898.22,140,20.532610000000002,109.68855
1605330235,2020-11-14 05:03:55,B1428,CCA1803,9784.08,898.22,140,20.532610000000002,109.68855
1605330263,2020-11-14 05:04:23,B1428,CCA1803,9784.08,898.22,140,20.532610000000002,109.68855
1605330272,2020-11-14 05:04:32,B1428,CCA1803,9784.08,898.22,140,20.532610000000002,109.68855
1605330277,2020-11-14 05:04:37,B1428,CCA1803,9784.08,896.368,140,20.532610000000002,109.68855
1605330293,2020-11-14 05:04:53,B1428,CCA1803,9784.08,898.22,140,20.532610000000002,109.68855
1605330330,2020-11-14 05:05:30,B1428,CCA1803,9784.08,898.22,140,20.342489999999998,109.85349
1605330334,2020-11-14 05:05:34,B1428,CCA1803,9784.08,898.22,140,20.342489999999998,109.85349
1605330341,2020-11-14 05:05:41,B1428,CCA1803,9784.08,898.22,140,20.28369,109.90438
1605330350,2020-11-14 05:05:50,B1428,CCA1803,9784.08,898.22,140,20.28369,109.90438
1605330363,2020-11-14 05:06:03,B1428,CCA1803,9784.08,898.22,140,20.236629999999998,109.94518000000001
1605330385,2020-11-14 05:06:25,B1428,CCA1803,9784.08,898.22,140,20.236629999999998,109.94518000000001
1605330389,2020-11-14 05:06:29,B1428,CCA1803,9776.46,898.22,140,20.236629999999998,109.94518000000001
1605330400,2020-11-14 05:06:40,B1428,CCA1803,9784.08,898.22,140,20.236629999999998,109.94518000000001
1605330409,2020-11-14 05:06:49,B1428,CCA1803,9791.7,898.22,140,20.155839999999998,110.01513
1605330426,2020-11-14 05:07:06,B1428,CCA1803,9791.7,853.7719999999999,140,20.13589,110.03237
1605330430,2020-11-14 05:07:10,B1428,CCA1803,9784.08,853.7719999999999,140,20.13589,110.03237
1605330451,2020-11-14 05:07:31,B1428,CCA1803,9784.08,846.3639999999999,140,20.11084,110.05396999999999
1605330468,2020-11-14 05:07:48,B1428,CCA1803,9784.08,846.3639999999999,140,20.07674,110.08335
1605330494,2020-11-14 05:08:14,B1428,CCA1803,9784.08,833.4,159,20.012829999999997,110.11356
1605330506,2020-11-14 05:08:26,B1428,CCA1803,9784.08,835.252,182,20.012829999999997,110.11356
1605330509,2020-11-14 05:08:29,B1428,CCA1803,9784.08,837.1039999999999,187,20.012829999999997,110.11356
1605330517,2020-11-14 05:08:37,B1428,CCA1803,9784.08,838.956,197,19.963179999999998,110.10987
1605330521,2020-11-14 05:08:41,B1428,CCA1803,9784.08,838.956,197,19.963179999999998,110.10987
1605330532,2020-11-14 05:08:52,B1428,CCA1803,9784.08,838.956,204,19.94428,110.10238000000001
1605330535,2020-11-14 05:08:55,B1428,CCA1803,9784.08,838.956,204,19.94428,110.10238000000001
1605330550,2020-11-14 05:09:10,B1428,CCA1803,9784.08,837.1039999999999,205,19.94428,110.10238000000001
1605330565,2020-11-14 05:09:25,B1428,CCA1803,9784.08,837.1039999999999,205,19.94428,110.10238000000001
1605330572,2020-11-14 05:09:32,B1428,CCA1803,9784.08,835.252,205,19.94428,110.10238000000001
1605330583,2020-11-14 05:09:43,B1428,CCA1803,9784.08,835.252,205,19.94428,110.10238000000001
1605330590,2020-11-14 05:09:50,B1428,CCA1803,9776.46,835.252,205,19.94428,110.10238000000001
1605330599,2020-11-14 05:09:59,B1428,CCA1803,9723.12,835.252,205,19.94428,110.10238000000001
1605330612,2020-11-14 05:10:12,B1428,CCA1803,9646.92,825.992,205,19.94428,110.10238000000001
1605330617,2020-11-14 05:10:17,B1428,CCA1803,9547.86,825.992,205,19.94428,110.10238000000001
1605330627,2020-11-14 05:10:27,B1428,CCA1803,9547.86,824.14,205,19.94428,110.10238000000001
1605330633,2020-11-14 05:10:33,B1428,CCA1803,9547.86,827.8439999999999,205,19.94428,110.10238000000001
1605330721,2020-11-14 05:12:01,B1428,CCA1803,8458.2,827.8439999999999,205,19.57951,109.9265
1605330729,2020-11-14 05:12:09,B1428,CCA1803,8458.2,811.176,205,19.57951,109.9265
1605330774,2020-11-14 05:12:54,B1428,CCA1803,8404.86,807.472,205,19.57951,109.9265
1605330810,2020-11-14 05:13:30,B1428,CCA1803,7947.66,807.472,205,19.41266,109.84636
1605330823,2020-11-14 05:13:43,B1428,CCA1803,7787.64,807.472,205,19.41266,109.84636
1605330835,2020-11-14 05:13:55,B1428,CCA1803,7780.02,805.62,220,19.41266,109.84636
1605330855,2020-11-14 05:14:15,B1428,CCA1803,7414.26,805.62,220,19.41266,109.84636
1605330877,2020-11-14 05:14:37,B1428,CCA1803,7048.5,790.804,229,19.33226,109.77238999999999
1605330896,2020-11-14 05:14:56,B1428,CCA1803,6766.56,790.804,229,19.28494,109.71638999999999
1605330900,2020-11-14 05:15:00,B1428,CCA1803,6736.08,790.804,229,19.28494,109.71638999999999
1605330943,2020-11-14 05:15:43,B1428,CCA1803,6667.5,775.988,230,19.28494,109.71638999999999
1605330951,2020-11-14 05:15:51,B1428,CCA1803,6339.84,775.988,230,19.28494,109.71638999999999
1605330957,2020-11-14 05:15:57,B1428,CCA1803,6301.74,768.58,229,19.28494,109.71638999999999
1605330962,2020-11-14 05:16:02,B1428,CCA1803,6301.74,766.7280000000001,229,19.28494,109.71638999999999
1605330997,2020-11-14 05:16:37,B1428,CCA1803,6004.56,755.6160000000001,226,19.15778,109.5686
1605331010,2020-11-14 05:16:50,B1428,CCA1803,5913.12,755.6160000000001,226,19.14473,109.55434
1605331023,2020-11-14 05:17:03,B1428,CCA1803,5798.82,755.6160000000001,226,19.12056,109.52756000000001
1605331040,2020-11-14 05:17:20,B1428,CCA1803,5631.18,737.096,227,19.119889999999998,109.52675
1605331045,2020-11-14 05:17:25,B1428,CCA1803,5593.08,737.096,227,19.09392,109.49828000000001
1605331065,2020-11-14 05:17:45,B1428,CCA1803,5410.2,740.8,227,19.08902,109.49283999999999
1605331078,2020-11-14 05:17:58,B1428,CCA1803,5387.34,725.9839999999999,225,19.0497,109.45031000000002
1605331098,2020-11-14 05:18:18,B1428,CCA1803,5394.96,703.76,210,19.04338,109.44467
1605331114,2020-11-14 05:18:34,B1428,CCA1803,5349.24,703.76,210,19.01827,109.42747
1605331121,2020-11-14 05:18:41,B1428,CCA1803,5250.18,696.352,204,19.01827,109.42747
1605331137,2020-11-14 05:18:57,B1428,CCA1803,5250.18,674.128,203,19.01827,109.42747
1605331148,2020-11-14 05:19:08,B1428,CCA1803,5006.34,651.904,203,18.95146,109.39733999999999
1605331154,2020-11-14 05:19:14,B1428,CCA1803,4960.62,637.0880000000001,203,18.95146,109.39733999999999
1605331171,2020-11-14 05:19:31,B1428,CCA1803,4838.7,637.0880000000001,203,18.95146,109.39733999999999
1605331183,2020-11-14 05:19:43,B1428,CCA1803,4770.12,637.0880000000001,203,18.89174,109.37093999999999
1605331209,2020-11-14 05:20:09,B1428,CCA1803,4556.76,616.716,202,18.85887,109.35691000000001
1605331225,2020-11-14 05:20:25,B1428,CCA1803,4427.22,616.716,202,18.83844,109.3484
1605331238,2020-11-14 05:20:38,B1428,CCA1803,4396.74,601.9,203,18.82045,109.34069
1605331295,2020-11-14 05:21:35,B1428,CCA1803,3962.4,601.9,203,18.73602,109.30173
1605331303,2020-11-14 05:21:43,B1428,CCA1803,3939.54,553.748,205,18.73602,109.30173
1605331310,2020-11-14 05:21:50,B1428,CCA1803,3939.54,540.784,206,18.73602,109.30173
1605331325,2020-11-14 05:22:05,B1428,CCA1803,3855.72,540.784,206,18.73602,109.30173
1605331335,2020-11-14 05:22:15,B1428,CCA1803,3771.9,546.34,206,18.696620000000003,109.28233
1605331345,2020-11-14 05:22:25,B1428,CCA1803,3672.84,546.34,206,18.696620000000003,109.28233
1605331361,2020-11-14 05:22:41,B1428,CCA1803,3596.64,551.896,206,18.67061,109.26952
1605331373,2020-11-14 05:22:53,B1428,CCA1803,3550.92,551.896,206,18.640179999999997,109.25437
1605331384,2020-11-14 05:23:04,B1428,CCA1803,3505.2,533.376,206,18.625970000000002,109.2471
1605331390,2020-11-14 05:23:10,B1428,CCA1803,3474.72,533.376,206,18.625970000000002,109.2471
1605331395,2020-11-14 05:23:15,B1428,CCA1803,3459.48,525.9680000000001,207,18.625970000000002,109.2471
1605331400,2020-11-14 05:23:20,B1428,CCA1803,3421.38,527.82,208,18.60707,109.23716
1605331414,2020-11-14 05:23:34,B1428,CCA1803,3352.8,520.4119999999999,208,18.59189,109.22901999999999
1605331418,2020-11-14 05:23:38,B1428,CCA1803,3337.56,520.4119999999999,208,18.59189,109.22901999999999
1605331435,2020-11-14 05:23:55,B1428,CCA1803,3253.74,518.56,206,18.575779999999998,109.22097
1605331447,2020-11-14 05:24:07,B1428,CCA1803,3154.68,516.7080000000001,206,18.55782,109.21208999999999
1605331458,2020-11-14 05:24:18,B1428,CCA1803,3116.58,507.44800000000004,206,18.54822,109.20723999999998
1605331471,2020-11-14 05:24:31,B1428,CCA1803,3063.24,498.18800000000005,206,18.53678,109.2014
1605331475,2020-11-14 05:24:35,B1428,CCA1803,3040.38,498.18800000000005,206,18.53678,109.2014
1605331481,2020-11-14 05:24:41,B1428,CCA1803,3025.14,483.37199999999996,207,18.51608,109.19081000000001
1605331485,2020-11-14 05:24:45,B1428,CCA1803,2994.66,479.668,207,18.51608,109.19081000000001
1605331498,2020-11-14 05:24:58,B1428,CCA1803,2903.22,468.556,207,18.49641,109.18068000000001
1605331510,2020-11-14 05:25:10,B1428,CCA1803,2796.54,459.296,207,18.48762,109.17608999999999
1605331519,2020-11-14 05:25:19,B1428,CCA1803,2720.34,459.296,207,18.48762,109.17608999999999
1605331532,2020-11-14 05:25:32,B1428,CCA1803,2628.9,461.148,207,18.46602,109.16475
1605331542,2020-11-14 05:25:42,B1428,CCA1803,2628.9,451.88800000000003,208,18.46602,109.16475
1605331548,2020-11-14 05:25:48,B1428,CCA1803,2560.32,446.332,209,18.444670000000002,109.15299999999999
1605331555,2020-11-14 05:25:55,B1428,CCA1803,2529.84,438.92400000000004,209,18.444670000000002,109.15299999999999
1605331567,2020-11-14 05:26:07,B1428,CCA1803,2385.06,425.96,210,18.4276,109.14299
1605331578,2020-11-14 05:26:18,B1428,CCA1803,2255.52,422.256,209,18.41765,109.13738000000001
1605331590,2020-11-14 05:26:30,B1428,CCA1803,2072.64,411.144,202,18.40833,109.13451
1605331605,2020-11-14 05:26:45,B1428,CCA1803,1844.04,383.36400000000003,182,18.39116,109.13328999999999
1605331608,2020-11-14 05:26:48,B1428,CCA1803,1783.08,383.36400000000003,182,18.39116,109.13328999999999
1605331621,2020-11-14 05:27:01,B1428,CCA1803,1630.68,383.36400000000003,182,18.377660000000002,109.13293999999999
1605331634,2020-11-14 05:27:14,B1428,CCA1803,1447.8,379.66,182,18.36337,109.13248999999999
1605331638,2020-11-14 05:27:18,B1428,CCA1803,1417.32,381.51199999999994,182,18.36337,109.13248999999999
1605331663,2020-11-14 05:27:43,B1428,CCA1803,1226.82,372.25199999999995,182,18.336370000000002,109.13148999999999
1605331675,2020-11-14 05:27:55,B1428,CCA1803,1143.0,372.25199999999995,179,18.32744,109.13136999999999
1605331677,2020-11-14 05:27:57,B1428,CCA1803,1143.0,372.25199999999995,177,18.32744,109.13136999999999
1605331688,2020-11-14 05:28:08,B1428,CCA1803,1114.806,351.88,159,18.312910000000002,109.13474
1605331700,2020-11-14 05:28:20,B1428,CCA1803,1079.2206,314.84,126,18.30894,109.13828000000001
1605331717,2020-11-14 05:28:37,B1428,CCA1803,944.88,294.468,118,18.3035,109.14647
1605331728,2020-11-14 05:28:48,B1428,CCA1803,952.5,301.876,118,18.29736,109.1581
1605331740,2020-11-14 05:29:00,B1428,CCA1803,952.5,301.876,118,18.29252,109.16755
1605331743,2020-11-14 05:29:03,B1428,CCA1803,952.5,292.616,118,18.29252,109.16755
1605331748,2020-11-14 05:29:08,B1428,CCA1803,944.88,292.616,118,18.29252,109.16755
1605331766,2020-11-14 05:29:26,B1428,CCA1803,914.4,288.91200000000003,118,18.28465,109.18273
1605331786,2020-11-14 05:29:46,B1428,CCA1803,853.44,288.91200000000003,114,18.281570000000002,109.18875
1605331801,2020-11-14 05:30:01,B1428,CCA1803,853.44,277.8,87,18.276970000000002,109.21023999999998
1605331814,2020-11-14 05:30:14,B1428,CCA1803,861.06,270.392,82,18.27734,109.21458999999999
1605331831,2020-11-14 05:30:31,B1428,CCA1803,861.06,270.392,82,18.2791,109.22877
1605331843,2020-11-14 05:30:43,B1428,CCA1803,861.06,268.54,82,18.28033,109.23868
1605331856,2020-11-14 05:30:56,B1428,CCA1803,853.44,270.392,82,18.28175,109.24991000000001
1605331860,2020-11-14 05:31:00,B1428,CCA1803,853.44,261.132,82,18.28175,109.24991000000001
1605331871,2020-11-14 05:31:11,B1428,CCA1803,800.1,257.428,82,18.28304,109.25986999999999
1605331886,2020-11-14 05:31:26,B1428,CCA1803,769.62,248.168,82,18.28381,109.26553
1605331901,2020-11-14 05:31:41,B1428,CCA1803,693.42,250.02,81,18.28567,109.27986000000001
1605331914,2020-11-14 05:31:54,B1428,CCA1803,655.32,250.02,82,18.286739999999998,109.2879
1605331919,2020-11-14 05:31:59,B1428,CCA1803,632.46,250.02,82,18.286739999999998,109.2879
1605331924,2020-11-14 05:32:04,B1428,CCA1803,617.22,250.02,82,18.286739999999998,109.2879
1605331930,2020-11-14 05:32:10,B1428,CCA1803,547.878,250.02,82,18.286739999999998,109.2879
1605331946,2020-11-14 05:32:26,B1428,CCA1803,496.7478,246.31599999999997,82,18.28902,109.30533
1605331962,2020-11-14 05:32:42,B1428,CCA1803,472.44,246.31599999999997,81,18.290860000000002,109.31867
1605331979,2020-11-14 05:32:59,B1428,CCA1803,419.1,255.576,82,18.2921,109.32887
1605331999,2020-11-14 05:33:19,B1428,CCA1803,365.76,257.428,81,18.29265,109.33363
1605332016,2020-11-14 05:33:36,B1428,CCA1803,343.73058000000003,261.132,81,18.295170000000002,109.35217
1605332027,2020-11-14 05:33:47,B1428,CCA1803,308.07583800000003,272.244,82,18.29587,109.35771000000001
1605332029,2020-11-14 05:33:49,B1428,CCA1803,266.7,274.096,82,18.29587,109.35771000000001
1605332035,2020-11-14 05:33:55,B1428,CCA1803,231.2966418,274.096,82,18.29587,109.35771000000001
1605332046,2020-11-14 05:34:06,B1428,CCA1803,201.08630598,272.244,82,18.29828,109.37669
1605332049,2020-11-14 05:34:09,B1428,CCA1803,167.64,270.392,82,18.29828,109.37669
1605332061,2020-11-14 05:34:21,B1428,CCA1803,149.48387857799997,272.244,82,18.29955,109.38627
1605332076,2020-11-14 05:34:36,B1428,CCA1803,128.2906826358,275.948,82,18.29968,109.38727
1605332102,2020-11-14 05:35:02,B1428,CCA1803,114.44975089938,207.424,82,18.30313,109.41403999999999
1605332117,2020-11-14 05:35:17,B1428,CCA1803,102.76506180931801,103.712,81,18.303729999999998,109.41858
1605332131,2020-11-14 05:35:31,B1428,CCA1803,92.9329373922498,83.34,81,18.30421,109.42221
1605332142,2020-11-14 05:35:42,B1428,CCA1803,85.4622311314748,81.488,81,18.30452,109.42461000000002
1605332155,2020-11-14 05:35:55,B1428,CCA1803,79.06006638682227,68.524,81,18.3047,109.42608999999999
1605332171,2020-11-14 05:36:11,B1428,CCA1803,74.13700476192449,16.668,64,18.30505,109.42778999999999
1605332186,2020-11-14 05:36:26,B1428,CCA1803,70.10573014817894,14.815999999999999,16,18.305529999999997,109.42801000000001
1605332199,2020-11-14 05:36:39,B1428,CCA1803,66.83979698206504,16.668,345,18.305999999999997,109.42791000000001
1605332211,2020-11-14 05:36:51,B1428,CCA1803,64.23048294104656,20.372,312,18.306420000000003,109.42751000000001
1605332227,2020-11-14 05:37:07,B1428,CCA1803,62.10730812200372,22.224,275,18.30655,109.42687
1605332230,2020-11-14 05:37:10,B1428,CCA1803,60.412032295521875,22.224,275,18.30655,109.42687
1605332237,2020-11-14 05:37:17,B1428,CCA1803,53.34,22.224,275,18.30655,109.42687
1605332240,2020-11-14 05:37:20,B1428,CCA1803,53.34,22.224,275,18.30655,109.42687
1605332256,2020-11-14 05:37:36,B1428,CCA1803,53.34,27.78,261,18.30631,109.42511999999999
1605332270,2020-11-14 05:37:50,B1428,CCA1803,53.34,33.336,261,18.30611,109.42353999999999
1605332277,2020-11-14 05:37:57,B1428,CCA1803,53.34,33.336,261,18.30611,109.42353999999999
1605332292,2020-11-14 05:38:12,B1428,CCA1803,53.34,40.744,261,18.30585,109.4216
1605332307,2020-11-14 05:38:27,B1428,CCA1803,53.34,42.596000000000004,261,18.30575,109.42088999999999
1605332318,2020-11-14 05:38:38,B1428,CCA1803,53.34,42.596000000000004,261,18.30552,109.4191
1605332330,2020-11-14 05:38:50,B1428,CCA1803,53.34,40.744,261,18.305310000000002,109.41743999999998
1605332346,2020-11-14 05:39:06,B1428,CCA1803,53.34,37.04,261,18.30508,109.41565
1605332357,2020-11-14 05:39:17,B1428,CCA1803,53.34,33.336,261,18.30499,109.41498999999999
1605332372,2020-11-14 05:39:32,B1428,CCA1803,53.34,27.78,261,18.30487,109.41408999999999
1605332388,2020-11-14 05:39:48,B1428,CCA1803,53.34,27.78,261,18.30471,109.41282
1605332402,2020-11-14 05:40:02,B1428,CCA1803,53.34,29.631999999999998,261,18.30464,109.41228000000001
1605332428,2020-11-14 05:40:28,B1428,CCA1803,53.34,37.04,261,18.304270000000002,109.40938
1605332438,2020-11-14 05:40:38,B1428,CCA1803,53.34,37.04,261,18.304270000000002,109.40938
1605332443,2020-11-14 05:40:43,B1428,CCA1803,53.34,37.04,261,18.304270000000002,109.40938
1605332445,2020-11-14 05:40:45,B1428,CCA1803,53.34,37.04,261,18.304270000000002,109.40938
1605332457,2020-11-14 05:40:57,B1428,CCA1803,53.34,24.076,261,18.30401,109.4075
1605332473,2020-11-14 05:41:13,B1428,CCA1803,53.34,24.076,261,18.30398,109.40723
1605332489,2020-11-14 05:41:29,B1428,CCA1803,53.34,20.372,261,18.30384,109.40618
1605332495,2020-11-14 05:41:35,B1428,CCA1803,53.34,20.372,261,18.30384,109.40618
1605332499,2020-11-14 05:41:39,B1428,CCA1803,53.34,20.372,261,18.30384,109.40618
1605332514,2020-11-14 05:41:54,B1428,CCA1803,53.34,7.4079999999999995,334,18.30422,109.40574
1605332531,2020-11-14 05:42:11,B1428,CCA1803,53.34,11.112,317,18.304470000000002,109.40553
1605332534,2020-11-14 05:42:14,B1428,CCA1803,53.34,11.112,317,18.304470000000002,109.40553
1605332547,2020-11-14 05:42:27,B1428,CCA1803,53.34,16.668,264,18.3044,109.40488
1605332553,2020-11-14 05:42:33,B1428,CCA1803,53.34,16.668,264,18.3044,109.40488
1605332568,2020-11-14 05:42:48,B1428,CCA1803,53.34,24.076,261,18.30428,109.40393
1605332583,2020-11-14 05:43:03,B1428,CCA1803,53.34,20.372,261,18.30414,109.40281999999999
1605332586,2020-11-14 05:43:06,B1428,CCA1803,53.34,20.372,261,18.30414,109.40281999999999
1605332597,2020-11-14 05:43:17,B1428,CCA1803,53.34,22.224,261,18.30406,109.40225
1605332610,2020-11-14 05:43:30,B1428,CCA1803,53.34,25.928,261,18.30394,109.40128999999999
1605332623,2020-11-14 05:43:43,B1428,CCA1803,53.34,20.372,261,18.30386,109.40073000000001
1605332630,2020-11-14 05:43:50,B1428,CCA1803,53.34,20.372,261,18.30386,109.40073000000001
1605332643,2020-11-14 05:44:03,B1428,CCA1803,53.34,11.112,312,18.30404,109.39988000000001
1605332655,2020-11-14 05:44:15,B1428,CCA1803,53.34,11.112,337,18.3043,109.39983000000001
1605332673,2020-11-14 05:44:33,B1428,CCA1803,53.34,9.26,345,18.3044,109.39983000000001
1605332686,2020-11-14 05:44:46,B1428,CCA1803,53.34,9.26,303,18.30464,109.39957
1605332697,2020-11-14 05:44:57,B1428,CCA1803,53.34,9.26,303,18.30464,109.39957
1605332711,2020-11-14 05:45:11,B1428,CCA1803,53.34,9.26,264,18.30453,109.39912
1605332728,2020-11-14 05:45:28,B1428,CCA1803,53.34,3.7039999999999997,261,18.304489999999998,109.39883
1605332733,2020-11-14 05:45:33,B1428,CCA1803,53.34,3.7039999999999997,261,18.304489999999998,109.39883
1605332737,2020-11-14 05:45:37,B1428,CCA1803,53.34,3.7039999999999997,261,18.304489999999998,109.39883
1605332742,2020-11-14 05:45:42,B1428,CCA1803,53.34,3.7039999999999997,261,18.304489999999998,109.39883
1605332760,2020-11-14 05:46:00,B1428,CCA1803,53.34,0.0,261,18.304470000000002,109.39872
1605332764,2020-11-14 05:46:04,B1428,CCA1803,53.34,0.0,261,18.304470000000002,109.39872
1605332769,2020-11-14 05:46:09,B1428,CCA1803,53.34,0.0,261,18.304470000000002,109.39872
1605332780,2020-11-14 05:46:20,B1428,CCA1803,53.34,0.0,261,18.304470000000002,109.39872
1605332785,2020-11-14 05:46:25,B1428,CCA1803,53.34,0.0,261,18.304470000000002,109.39872
1605332791,2020-11-14 05:46:31,B1428,CCA1803,53.34,0.0,261,18.304470000000002,109.39872
1605332793,2020-11-14 05:46:33,B1428,CCA1803,53.34,0.0,261,18.304470000000002,109.39872
1605332798,2020-11-14 05:46:38,B1428,CCA1803,53.34,0.0,261,18.304470000000002,109.39872
